Subject Code,Faculty Code,Subject Name,Subject Short Name,Subject Level,Subject Length,Subject Value,Status,Subject Fee,ED Subject Group Code,ED Year Level,ED Subject Code,Instruction Time,SSABSA Subject Code,SACE Stage,SACE Units,Course Name,SACE Code,FTE,TRT Days,Enrol Date,End Date,GL Account,Transaction Ref,future SACE,Result Type
03DM,IT,3D DIGITAL MODELLING,,10,2,,O,,08,10,ET,,,,,,,0,0,,,,,N,
0AAB,SC,ANIMAL ADAPT AND BEHAVIOUR,,10,2,,I,,05,10,SC,,,,,0AAB,,0,0,,,,,N,
0ABR,SV,WAR AND AUSTRALIA BECOMING A REPUBLIC,,10,2,,I,,06,10,SV,,,,,0ABR,,0,0,,,,,N,
0AFR,SV,WAR AND AFRICA,,10,2,,I,,06,10,SV,,,,,0AFR,,0,0,,,,,N,
0AIW,SV,AUSTRALIA'S INVOLVEMENT IN WAR,,10,1,,I,,06,10,SV,,,,,0AIW,,0,0,,,,,N,
0ALG,MA,ALGEBRA,,10,2,,I,,03,10,MA,,,,,,,0,0,,,,,N,
0ALGE,MA,ALGEBRAIC MANIPULATION,,10,1,,I,,03,10,MA,,,,,,,0,0,,,,,N,
0ALOP,CC,ALTERNATIVE LEARNING PROGRAM,,10,,,I,,09,10,MM,,,,,,,0,0,,,,,N,
0AMH,SV,AMERICAN HISTORY,,10,2,,I,,06,10,HI,,,,,,,0,0,,,,,N,
0APC,PE,ABORIGINAL POWER CUP,,10,2,,I,,04,10,PE,,,,,,,0,0,,,,,N,
0ART,AT,ART,,10,2,,I,,07,10,AT,,,,,0ART,,0,0,,,,,N,
0ARTA,AT,VISUAL ART A,,10,2,,O,,07,10,AT,,,,,,,0,0,,,,,N,
0ARTB,AT,VISUAL ART B,,10,2,,O,,07,10,AT,,,,,,,0,0,,,,,N,
0ARTF,AT,ART,,10,4,,I,,07,10,AT,240,,,,0ARTF,,,,,,,,N,
0ARTS,AT,ART,,10,2,,I,,07,10,AT,240,,,,0ARTS,,,,,,,,N,
0ATY,SC,ATOMIC THEORY,,10,1,,I,,05,10,SC,,,,,0ATY,,0,0,,,,,N,
0AUSS,SV,AUSTRALIAN STUDIES,,10,2,,I,,06,10,AX,240,1AUS1,1,1,0AUSS,AUS,,,,,,,N,
0BASS,MA,BASIC SKILLS,,10,1,,I,,03,10,MA,,,,,,,0,0,,,,,N,
0BCS,EG,BECOMING CONFIDENT SPEAKER,,10,1,,I,,01,10,EG,,,,,0BCS,,0,0,,,,,N,
0BIO,SC,BIOLOGICAL SCIENCE,,10,2,,I,,05,10,BL,,,,,,,0,0,,,,,N,
0CADF,IT,COMP AIDED DESIGN,,10,2,,I,,08,10,CP,240,,,,0CADF,,,,,,,,N,
0CADS,TS,COMP AIDED DESIGN,,10,2,,I,,08,10,CP,240,,,,0CADS,,,,,,,,N,
0CARE,AD,CARE GROUP,,10,4,,O,,09,10,MS,,,,,,,0,0,,,,,N,G
0CARE1,AD,CARE GROUP,,10,4,,I,,09,10,PA,100,,,,0CARE1,,0,0,,,,,N,
0CBIO,SC,CELLULAR BIOLOGY,,10,1,,I,,05,10,SC,,,,,0CBIO,,0,0,,,,,N,
0CCA,AT,CROSS CURRICULAR ARTS,,10,2,,I,,07,10,MS,,,,,,,0,0,,,,,N,
0CFM,HE,COURSES OF A FORMAL MENU,,10,1,,I,,04,10,HE,,,,,0CFM,,0,0,,,,,N,
0CHI,LE,CHINESE,,10,4,,O,,02,10,CI,,,,,,,0,0,,,,,N,
0CHI1,LE,CHINESE,,10,2,,I,,02,10,CI,,,,,,,0,0,,,,,N,
0CHIF,LE,CHINESE FULL,,10,2,,I,,02,10,CI,,,,,0CHIF,,0,0,,,,,N,
0CHIH,LE,CHINESE HALF,,10,2,,I,,02,10,CI,,,,,0CHIH,,0,0,,,,,N,
0CHM,SC,CHEMICAL SCIENCE,,10,2,,I,,05,10,SC,,,,,,,0,0,,,,,N,
0CHOC,HE,CHOCOLATE WORK,,10,1,,I,,04,10,HE,,,,,0CHOC,,0,0,,,,,N,
0CHST,HE,CHILD STUDIES,,10,2,,I,,08,10,CZ,,,,,,,0,0,,,,,N,
0CIV,SV,CIVICS CITIZENSHIP ECONOMICS,,10,2,,O,,06,10,SS,,,,,,,0,0,,,,,N,
0CMDY,EG,COMEDY,,10,1,,I,,01,10,EG,,,,,,,0,0,,,,,N,
0CON,SC,CONSTRUCTION SCIENCE,,10,2,,I,,05,10,SC,,,,,,,0,0,,,,,N,
0CR8WTG,EG,CREATIVE WRITING,,10,2,,O,,01,10,EG,,,,,,,0,0,,,,,N,
0CST,LE,CULTURAL STUDIES,,10,4,,I,,02,10,ZZ,,,,,0CST,,0,0,,,,,N,
0CWRI,EG,CREATIVE WRITING,,10,1,,I,,01,10,EG,,,,,,,0,0,,,,,N,
0D2C,TS,DOORWAYS 2 CONSTRUCTION,,10,2,,I,,08,10,DT,,,,,,,0,0,,,,,N,
0DAN,AT,DANCE,,10,2,,I,,07,10,DA,,,,,0DAN,,0,0,,,,,N,
0DANA,AT,DANCE A,,10,2,,O,,07,10,DA,,,,,,,0,0,,,,,N,
0DANB,AT,DANCE B,,10,2,,O,,07,10,DA,,,,,,,0,0,,,,,N,
0DANF,AT,DANCE,,10,4,,I,,07,10,DA,240,,,,0DANF,,,,,,,,N,
0DANS,AT,DANCE,,10,4,,I,,07,10,DA,240,,,,0DANS,,,,,,,,N,
0DCC,HE,MAKING AND DECORATING CAKE,,10,1,,I,,04,10,HE,,,,,0DCC,,0,0,,,,,N,
0DDNC,IT,DIGITAL DESIGN - COMPUTING,,10,2,,I,,08,10,IF,,,,,,,0,0,,,,,N,
0DDNDP,IT,DIGITAL DESIGN - DIGITAL PUBLISHING,,10,2,,I,,08,10,ME,,,,,,,0,0,,,,,N,
0DDNMP,IT,DIGITAL DESIGN - MEDIA PRODUCTION,,10,2,,I,,08,10,FV,,,,,,,0,0,,,,,N,
0DDNPH,IT,DIGITAL DESIGN - PHOTOGRAPHY,,10,2,,I,,08,10,PH,,,,,,,0,0,,,,,N,
0DES,AT,DESIGN,,10,2,,I,,07,10,DE,,,,,0DES,,0,0,,,,,N,
0DESF,AT,DESIGN,,10,4,,I,,07,10,DE,240,,,,0DESF,,,,,,,,N,
0DESS,AT,DESIGN,,10,2,,I,,07,10,DE,240,,,,0DESS,,,,,,,,N,
0DGP,IT,DIGITAL GRAPHICS,,10,2,,O,,08,10,IQ,,,,,,,0,0,,,,,N,
0DIMS,AT,DIGITAL MUSIC,,10,2,,I,,07,10,MU,240,,,,0DIMS,,,,,,,,N,
0DPP,IT,DIGITAL PUBLISHING AND PRODUCTION,,10,2,,I,,08,10,IF,,,,,,,0,0,,,,,N,
0DPUB,IT,DIGITAL PUBLISHING,,10,2,,I,,08,08,ME,,,,,,,0,0,,,,,N,
0DRA,AT,DRAMA,,10,2,,I,,07,10,DR,,,,,0DRA,,0,0,,,,,N,
0DRAA,AT,DRAMA A,,10,2,,O,,07,10,DR,,,,,,,0,0,,,,,N,
0DRAB,AT,DRAMA B,,10,2,,O,,07,10,DR,,,,,,,0,0,,,,,N,
0DRAF,AT,DRAMA,,10,4,,I,,07,10,DR,240,,,,0DRAF,,,,,,,,N,
0DRAS,AT,DRAMA,,10,2,,I,,07,10,DR,240,,,,0DRAS,,,,,,,,N,
0DST,EG,DIGITAL STORYTELLING,,10,2,,I,,01,10,EG,,,,,,,0,0,,,,,N,
0DTE,IT,DIGITAL TECHNOLOGY,,10,2,,O,,08,10,IF,,,,,,,0,0,,,,,N,
0DTMP,IT,MEDIA PRODUCTION,,10,2,,I,,08,10,FV,,,,,,,0,0,,,,,N,
0EALA,ED,ENGLISH AS AN ADDITIONAL LANG A,,10,4,,O,,01,10,TX,,,,,,,0,0,,,,,N,
0EALB,ED,ENGLISH AS AN ADDITIONAL LANG B,,10,4,,O,,01,10,TX,,,,,,,0,0,,,,,N,
0EARN,MA,EARNING AND BUDGETING,,10,1,,I,,03,10,MA,,,,,,,0,0,,,,,N,
0ELEF,SC,ELECTRONICS,,10,4,,I,,05,10,SC,240,,,,0ELEF,,,,,,,,N,
0ELES,SC,ELECTRONICS,,10,2,,I,,05,10,SC,240,,,,0ELES,,,,,,,,N,
0ENG,EG,ENGLISH,,10,4,,I,,01,10,EG,,,,,,,0,0,,,,,N,
0ENG1,EG,ENGLISH,,10,2,,I,,01,10,EG,240,,,,0ENG1,,0,0,,,,,N,
0ENG2,EG,ENGLISH,,10,2,,I,,01,10,EG,,,,,0ENG2,,0,0,,,,,N,
0ENGL,EG,ENGLISH,,10,4,,O,,01,10,EG,,,,,,,0,0,,,,,N,
0ENGO,EG,ENGLISH,,10,4,,O,,01,10,EG,,,,,,,0,0,,,,,N,
0ENGP,EG,ENGLISH,,10,4,,O,,01,10,EG,,,,,,,0,0,,,,,N,
0ENGX,EG,ENGLISH,,10,4,,I,,01,10,EG,,,,,0ENGX,,0,0,,,,,N,
0ENGY,EG,ENGLISH,,10,4,,I,,01,10,EG,,,,,,,0,0,,,,,N,
0ENGZ,EG,ENGLISH,,10,4,,I,,01,10,EG,,,,,,,0,0,,,,,N,
0ENTC,IT,ENGINEERING TECHNOLOGY,,10,2,,O,,08,10,IF,,,,,,,0,0,,,,,N,
0ENTEC,IT,ENGINEERING TECHNOLOGY,,10,2,,O,,08,10,ET,,,,,,,0,0,,,,,N,
0ESL,ED,ENGLISH AS A SECOND LANGUAGE PHASE 5/6,,10,4,,I,,01,10,EG,,,,,,,0,0,,,,,N,
0ESL1,ED,ENGLISH AS A SECOND LANGUAGE,,10,2,,I,,01,10,EG,240,,,,0ESL1,,0,0,,,,,N,
0ESLA,ED,ENGLISH AS A SECOND LANGUAGE A,,10,4,,I,,01,10,TX,,,,,,,0,0,,,,,N,
0ESLB,ED,ENGLISH AS A SECOND LANGUAGE B,,10,4,,I,,01,10,TX,,,,,,,0,0,,,,,N,
0ESLEA,ED,ENGLISH AS A SECOND LANGUAGE A,,10,4,,I,,01,10,TX,,,,,,,0,0,,,,,N,
0ESLEB,ED,ENGLISH AS A SECOND LANGUAGE B,,10,4,,I,,01,10,TX,,,,,,,0,0,,,,,N,
0EWSK,EG,ESSAY WRITING SKILLS,,10,1,,I,,01,10,EG,,,,,,,0,0,,,,,N,
0FAN,EG,FANTASY,,10,1,,I,,01,10,EG,,,,,0FAN,,0,0,,,,,N,
0FAS,HE,FASHION & TEXTILES,,10,1,,I,,08,10,HE,,,,,0FAS,,0,0,,,,,N,
0FATF,HE,FASHION & TEXTILES,,10,4,,I,,08,10,HE,240,,,,0FATF,,,,,,,,N,
0FATS,HE,FASHION & TEXTILES,,10,2,,I,,08,10,HE,240,,,,0FATS,,,,,,,,N,
0FDINV,IT,FOOD INNOVATION,,10,2,,O,,04,10,FH,,,,,,,0,0,,,,,N,
0FINNU,MA,FINANCIAL NUMERACY,,10,2,,I,,03,10,MA,,,,,,,0,0,,,,,N,
0FOCF,HE,FOOD & CULTURE,,10,4,,I,,04,10,HE,240,,,,0FOCF,,,,,,,,N,
0FOCS,HE,FOOD & CULTURE,,10,2,,I,,04,10,HE,240,,,,0FOCS,,,,,,,,N,
0FOD,HE,FOOD,,10,2,,I,,08,10,FH,,,,,0FOD,,0,0,,,,,N,
0FODA,IT,FOOD AND NUTRITION,,10,2,,O,,04,10,HE,,,,,,,0,0,,,,,N,
0FODB,IT,FOOD INNOVATION,,10,2,,O,,04,10,HE,,,,,,,0,0,,,,,N,
0FPP,EG,TEXT IN THE FIRST PERSON,,10,2,,I,,01,10,MS,,,,,,,0,0,,,,,N,
0FTXT,EG,FILM AS TEXT,,10,1,,I,,01,10,EG,,,,,,,0,0,,,,,N,
0FUTC,VE,FUTURES CONNECT,,11,2,,I,,09,11,WD,,1WED1,1,1,0FUTC,WED,0,0,,,,,N,
0GDH,SV,GROSS DOMESTIC HAPPINESS,,10,2,,I,,06,10,SV,,,,,0GDH,,0,0,,,,,N,
0GEOTR,MA,GEOMETRY AND TRIGONOMETRY,,10,2,,I,,03,10,MA,,,,,,,0,0,,,,,N,
0GER,LE,GERMAN,,10,2,,I,,02,10,GM,,,,,0GER,,0,0,,,,,N,
0GERF,LE,GERMAN FULL,,10,2,,I,,02,10,GM,240,,,,0GERF,,,,,,,,N,
0GERH,LE,GERMAN HALF,,10,2,,I,,02,10,GM,,,,,,,0,0,,,,,N,
0GERX,LE,GERMAN EXTENSION,,10,2,,I,,02,10,GM,,,,,0GERX,,0,0,,,,,N,
0GRKH,LE,GREEK HALF,,10,2,,I,,02,10,GK,,,,,,,0,0,,,,,N,
0HFPP,EG,HUMOUR AND FIRST PERSON TEXT,,10,2,,I,,01,10,EG,,,,,,,0,0,,,,,N,
0HLIF,PE,HEALTHY LIFESTYLES,,10,2,,I,,04,10,PE,,,,,0HLIF,,0,0,,,,,N,
0HORF,SC,HORTICULTURE,,10,4,,I,,05,10,AG,240,,,,0HORF,,,,,,,,N,
0HORS,SC,HORTICULTURE,,10,2,,I,,05,10,AG,240,,,,0HORS,,,,,,,,N,
0HPE,PE,HEALTH AND PHYSICAL EDUCATION,,10,2,,I,,04,10,PE,,,,,,,0,0,,,,,N,
0HPE1,PE,HEALTH AND PHYSICAL EDUCATION,,10,2,,O,,04,10,PE,,,,,,,0,0,,,,,N,
0HPE2,PE,HEALTH AND PHYSICAL EDUCATION (SEM 2),,10,2,,O,,04,10,PE,,,,,,,0,0,,,,,N,
0HUM,SV,HUMANITIES,,10,4,,I,,06,10,SV,,,,,0HUM,,0,0,,,,,N,
0HUME,SV,HISTORY,,10,2,,O,,06,10,SV,,,,,,,0,0,,,,,N,
0HUML,SV,HISTORY,,10,2,,O,,06,10,SV,,,,,,,0,0,,,,,N,
0HUMO,SV,HISTORY,,10,2,,O,,06,10,SV,,,,,,,0,0,,,,,N,
0HUMP,SV,HISTORY,,10,2,,O,,06,10,SV,,,,,,,0,0,,,,,N,
0HUMX,SV,HUMANITIES,,10,4,,I,,06,10,SV,,,,,,,0,0,,,,,N,
0HUMY,SV,HUMANITIES,,10,4,,I,,06,10,SV,,,,,,,0,0,,,,,N,
0HUMZ,SV,HUMANITIES,,10,4,,I,,06,10,SV,,,,,,,0,0,,,,,N,
0ICT,IT,INFORMATION TECHNOLOGY,,10,2,,I,,08,10,IF,,,,,0ICT,,0,0,,,,,N,
0ICT1,IT,INFO COM TECH,,10,2,,I,,08,10,IF,,,,,0ICT1,,0,0,,,,,N,
0ICTF,IT,INFO COM TECH,,10,4,,I,,08,10,CP,240,,,,0ICTF,,,,,,,,N,
0ICTS,IT,INFO COM TECH,,10,2,,I,,08,10,CP,240,,,,0ICTS,,,,,,,,N,
0INLS,HE,INDEPENDENT LIVING,,10,2,,I,,04,10,HA,240,,,,0INLS,,,,,,,,N,
0INTF,HE,INTERNATIONAL FOODS,,10,1,,I,,04,10,HE,,,,,0INTF,,0,0,,,,,N,
0IPP,SV,INFORMATION PROCESSING,,10,2,,I,,08,10,IQ,,,,,0IPP,,0,0,,,,,N,
0IPPF,SV,INFO PROCESSING,,10,4,,I,,08,10,IP,240,,,,0IPPF,,,,,,,,N,
0IPPS,SV,INFO PROCESSING,,10,2,,I,,08,10,IP,240,,,,0IPPS,,,,,,,,N,
0ITA,LE,ITALIAN,,10,4,,O,,02,10,IT,,,,,0ITA,,0,0,,,,,N,
0ITABGN,LE,ITALIAN (BEGINNERS),,10,2,,O,,02,10,IT,,,,,,,0,0,,,,,N,
0ITAF,LE,ITALIAN FULL,,10,2,,I,,02,10,IT,240,,,,0ITAF,,,,,,,,N,
0ITAH,LE,ITALIAN HALF,,10,2,,I,,02,10,IT,,,,,,,0,0,,,,,N,
0JAP1,LE,JAPANESE,,10,2,,I,,02,10,JA,,,,,,,0,0,,,,,N,
0JAP2,LE,JAPANESE,,10,2,,I,,02,10,JA,,,,,,,0,0,,,,,N,
0JAPF,LE,JAPANESE FULL,,10,2,,I,,02,10,JA,,,,,,,0,0,,,,,N,
0JAPH,LE,JAPANESE HALF,,10,2,,I,,02,10,JA,,,,,,,0,0,,,,,N,
0JAPS,LE,INTRO TO JAPANESE,,10,2,,I,,02,10,JA,240,,,,0JAPS,,,,,,,,N,
0JDES,IT,JEWELLERY DESIGN,,10,2,,O,,08,10,DT,,,,,,,0,0,,,,,N,
0KAU,LE,KAURNA,,10,2,,I,,02,10,ZL,,,,,,,0,0,,,,,N,
0KST,LE,CULTURAL KAURNA,,10,2,,I,,02,10,KN,,,,,0KST,,0,0,,,,,N,
0LIT,EG,LITERACY,,10,4,,I,,01,10,EG,,,,,,,0,0,,,,,N,
0LITE,EG,ESL LITERACY,,10,4,,I,,01,10,EG,,,,,,,0,0,,,,,N,
0LITP,EG,LITERACY,,10,4,,O,,01,10,EG,,,,,,,0,0,,,,,N,
0LITT,LS,LEARNING SUPPORT,,10,4,,I,,01,10,EG,,,,,,,0,0,,,,,N,
0LITY,EG,LITERACY,,10,4,,I,,01,10,EG,,,,,,,0,0,,,,,N,
0LITZ,EG,LITERACY,,10,4,,I,,01,10,EG,,,,,,,0,0,,,,,N,
0LNKBASS,MA,LINK BASIC SKILLS,,10,1,,I,,03,10,MA,,1NWC10,1,10,,NWC,0,0,,,,,Y,G
0LNKMATH,MA,LINK MATHS,,10,2,,I,,03,10,MA,,,,,,,0,0,,,,,N,
0LNKMWPL,MA,LINK MEASUREMENT IN THE WORK PLACE,,10,1,,I,,03,10,MA,,1NWC10,1,10,,NWC,0,0,,,,,Y,G
0LNQU,MA,LINEAR AND QUADRATIC RELATIONS,,10,1,,I,,03,10,MA,,,,,,,0,0,,,,,N,
0LNSP,LS,LEARNING SUPPORT,,10,4,,O,,02,10,EG,,,,,,,0,0,,,,,N,
0LWCL,EG,LITERACY WORK & COMMUNITY LIFE,,11,2,,I,,01,11,EG,,1LWC10,1,10,,LWC,0,0,,,,,Y,G
0MAXS,MA,MATHS EXTENSION,,10,2,,I,,03,10,MA,240,,,,0MAXS,,,,,,,,N,
0MCA,EG,MULTI CULTURAL AUSTRALIA,,10,1,,I,,01,10,MS,,,,,,,0,0,,,,,N,
0MDNM,IT,METALWORK,,10,2,,O,,08,10,DT,,,,,,,0,0,,,,,N,
0MDNW,IT,WOODWORK,,10,2,,O,,08,10,DT,,,,,,,0,0,,,,,N,
0MDTM,TS,MATERIALS DESIGN WITH METAL,,10,2,,I,,08,10,TP,,,,,,,0,0,,,,,N,
0MDTW,IT,MATERIALS DESIGN WITH WOOD,,10,2,,I,,08,10,TP,,,,,,,0,0,,,,,N,
0MEDANI,AT,MEDIA ANIMATION,,10,2,,O,,08,10,ZV,,,,,,,0,0,,,,,N,
0MEWF,TS,METALWORK,,10,4,,I,,08,10,MW,240,,,,0MEWF,,,,,,,,N,
0MEWS,TS,METALWORK,,10,2,,I,,08,10,DT,240,,,,0MEWS,,,,,,,,N,
0MGR,LE,MODERN GREEK,,10,2,,I,,02,10,GK,,,,,0MGR,,0,0,,,,,N,
0MGRF,LE,MODERN GREEK,,10,4,,I,,02,10,GK,240,,,,0MGRF,,,,,,,,N,
0MIN,SC,MINING AND RESOURCES,,10,2,,I,,05,10,SC,,,,,0MIN,,0,0,,,,,N,
0MIYW,MA,MATHEMATICS IN YOUR WORLD,,10,2,,I,,03,10,MA,,,,,,,0,0,,,,,N,
0MKRTEC,IT,MAKERS TECH,,10,2,,O,,08,10,TP,,,,,,,0,0,,,,,N,
0MKT,IT,MAKERS TECH,,10,2,,O,,08,09,MS,,,,,,,0,0,,,,,N,
0MME,IT,DIGITAL MEDIA,,10,2,,I,,08,10,ME,,,,,0MME,,0,0,,,,,N,
0MMES,AT,MULTIMEDIA SEMESTER,,10,2,,I,,08,10,TS,240,,,,0MMES,,,,,,,,N,
0MSC,SC,MARINE SCIENCE,,10,1,,I,,05,10,SC,,,,,0MSC,,0,0,,,,,N,
0MTH,MA,MATHEMATICS,,10,4,,I,,03,10,MA,,,,,,,0,0,,,,,N,
0MTH1,MA,MATHS,,10,4,,I,,03,10,MA,240,,,,0MTH1,,0,0,,,,,N,
0MTH2,MA,MATHS,,10,2,,I,,03,10,MA,240,,,,0MTH2,,0,0,,,,,N,
0MTHA,MA,MATHEMATICS A,,10,2,,O,,03,10,MA,,,,,,,0,0,,,,,N,
0MTHE,MA,MATHEMATICS,,10,4,,O,,03,10,MA,,,,,,,0,0,,,,,N,
0MTHG,MA,MATHS G,,10,4,,I,,03,10,MA,,,,,0MTHG,,0,0,,,,,N,
0MTHL,MA,MATHEMATICS,,10,4,,O,,03,10,MA,,,,,,,0,0,,,,,N,
0MTHO,MA,MATHEMATICS,,10,4,,O,,03,10,MA,,,,,,,0,0,,,,,N,
0MTHP,MA,MATHEMATICS,,10,4,,O,,03,10,MA,,,,,,,0,0,,,,,N,
0MTHX,MA,MATHEMATICS,,10,4,,I,,03,10,MA,,,,,,,0,0,,,,,N,
0MTHX1,MA,MATHS,,10,4,,I,,03,10,MA,,,,,0MTHX1,,0,0,,,,,N,
0MTHY,MA,MATHEMATICS,,10,4,,I,,03,10,MA,,,,,,,0,0,,,,,N,
0MTHZ,MA,MATHEMATICS,,10,4,,I,,03,10,MA,,,,,,,0,0,,,,,N,
0MTRI,MA,MEASUREMENT AND TRIGONOMETRY,,10,1,,I,,03,10,MA,,,,,,,0,0,,,,,N,
0MUS,AT,MUSIC,,10,2,,I,,07,10,MU,,,,,0MUS,,0,0,,,,,N,
0MUSA,AT,MUSIC A,,10,2,,O,,07,10,MU,,,,,,,0,0,,,,,N,
0MUSB,AT,MUSIC B,,10,2,,O,,07,10,MU,,,,,,,0,0,,,,,N,
0MUSS,AT,MUSIC FULL,,10,2,,I,,07,10,MU,240,,,,0MUSS,,,,,,,,N,
0MUST,AT,MUSIC TECHNOLOGY,,10,2,,I,,07,10,MU,,,,,,,0,0,,,,,N,
0MWPL,MA,MEASUREMENT IN THE WORK PLACE,,10,2,,I,,03,10,MA,,,,,,,0,0,,,,,N,
0NAN,SC,NANOTECHNOLOGY,,10,1,,I,,05,10,SC,,,,,0NAN,,0,0,,,,,N,
0NDLL,MA,NUMERACY FOR DAILY LIFE,,10,2,,I,,03,10,MA,,,,,,,0,0,,,,,N,
0NHAZ,SV,WAR AND NATURAL HAZARDS,,10,2,,I,,06,10,SV,,,,,0NHAZ,,0,0,,,,,N,
0NMW,EG,NEWSPAPER AND MAGAZINE WRITING,,10,1,,I,,01,10,EG,,,,,0NMW,,0,0,,,,,N,
0OED,PE,OUTDOOR EDUCATION,,10,2,,I,,04,10,OE,,,,,,,0,0,,,,,N,
0OIC,SC,ORGANIC AND INDUST CHEMISTRY,,10,1,,I,,05,10,SC,,,,,0OIC,,0,0,,,,,N,
0OUTC,TS,DESIGN TECH OUTDOOR CONSTRUCTION,,10,2,,I,,08,10,ET,,,,,0OUTC,,0,0,,,,,N,
0PD,CP,PERSONAL DEVELOPMENT,,10,4,,O,,09,10,HQ,,,,,,,0,0,,,,,N,G
0PED,PE,PHYSICAL EDUCATION,,10,2,,I,,04,10,PE,,,,,0PED,,0,0,,,,,N,
0PED12,PE,PHYSICAL EDUCATION 2,,10,1,,I,,04,10,PE,,,,,,,0,0,,,,,N,
0PED2,PE,PHYSICAL EDUCATION (FULL),,10,2,,I,,04,10,PE,,,,,,,0,0,,,,,N,
0PEDF,PE,PHYSICAL EDUCATION FULL,,10,2,,I,,04,10,PE,240,,,,0PEDF,,,,,,,,N,
0PEDS,PE,PHYS ED,,10,2,,I,,04,10,PE,240,,,,0PEDS,,,,,,,,N,
0PGH,IT,PHOTOGRAPHY,,10,2,,O,,08,10,PH,,,,,0PGH,,0,0,,,,,N,
0PHC,SC,PHYSICS OF COLLISIONS,,10,1,,I,,05,10,SC,,,,,0PHC,,0,0,,,,,N,
0PHE1,PE,PHYSICAL AND HEALTH EDUCATION 1,,10,2,,I,,04,10,PE,,,,,,,0,0,,,,,N,
0PHE2,PE,PHYSICAL AND HEALTH EDUCATION 2,,10,2,,I,,04,10,PE,,,,,,,0,0,,,,,N,
0PLP,CC,PERSONAL LEARNING PLAN,,10,4,,I,,09,10,MM,,1PLP10,1,10,,PLP,0,0,,,,,Y,G
0PPN,EG,PROPAGANDA AND PERSUASION,,10,1,,I,,01,10,EG,,,,,0PPN,,0,0,,,,,N,
0PPROJE,SP,PERSONAL PROJECT,,10,,,,,09,10,ZV,,,,,,,0,0,,,,,N,
0PSC,SC,PHYSICAL SCIENCE,,10,2,,I,,05,10,SC,,,,,,,0,0,,,,,N,
0PTRY,EG,POETRY,,10,1,,I,,01,10,EG,,,,,,,0,0,,,,,N,
0PWP,EG,POETRY WAR PROTEST,,10,2,,I,,01,10,EG,,,,,0PWP,,0,0,,,,,N,
0RBK,HE,RECIPE BOOK,,10,1,,I,,04,10,HE,,,,,0RBK,,0,0,,,,,N,
0RBT,IT,ROBOTICS,,10,2,,O,,08,09,ET,,,,,,,0,0,,,,,N,
0REH,PE,REC AND HEALTH,,10,2,,I,,04,10,PE,,,,,0REH,,0,0,,,,,N,
0REHF,PE,REC & HEALTH,,10,4,,I,,04,10,PE,240,,,,0REHF,,,,,,,,N,
0REHS,PE,REC & HEALTH,,10,2,,I,,04,10,PE,240,,,,0REHS,,,,,,,,N,
0RRES,AT,ROCK EISTEDDFOD,,10,2,,I,,07,10,MU,240,,,,0RRES,,,,,,,,N,
0SCI,SC,SCIENCE,,10,4,,I,,05,10,SC,,,,,,,0,0,,,,,N,
0SCIDL1,SC,SCIENCE FOR DAILY LIFE,,10,2,,I,,05,10,SC,,,,,,,0,0,,,,,N,
0SCIE,SC,SCIENCE,,10,4,,O,,05,10,SC,240,,,,,,,,,,,,N,
0SCIF,SC,SCIENCE,,10,4,,I,,05,10,SC,240,,,,0SCIF,,,,,,,,N,
0SCIL,SC,SCIENCE,,10,4,,O,,05,10,SC,,,,,,,0,0,,,,,N,
0SCIO,SC,SCIENCE,,10,4,,O,,05,10,SC,,,,,,,0,0,,,,,N,
0SCIP,SC,SCIENCE,,10,4,,O,,05,10,SC,,,,,,,0,0,,,,,N,
0SCIS,SC,SCIENCE SEMESTER,,10,2,,I,,05,10,SC,240,,,,0SCIS,,,,,,,,N,
0SCIX,SC,SCIENCE,,10,4,,I,,05,10,SC,,,,,0SCIX,,0,0,,,,,N,
0SCIY,SC,SCIENCE,,10,4,,I,,08,10,SC,,,,,,,0,0,,,,,N,
0SCIZ,SC,SCIENCE,,10,4,,I,,08,10,SC,,,,,,,0,0,,,,,N,
0SFIC,EG,SCIENCE FICTION,,10,1,,I,,01,10,EG,,,,,0SFIC,,0,0,,,,,N,
0SGEO,MA,SIMILAR AND GEOMETRY,,10,1,,I,,03,10,MA,,,,,,,0,0,,,,,N,
0SOS1,SV,HUMANITIES,,10,2,,I,,06,10,SV,,,,,0SOS1,,0,0,,,,,N,
0SOS2,SV,HUMANITIES,,10,2,,I,,06,10,SV,,,,,0SOS2,,0,0,,,,,N,
0SOSS,SV,SOCIETY & ENVIRONMENT,,10,2,,I,,06,10,SV,240,,,,0SOSS,,,,,,,,N,
0SSAV,MA,SPENDING AND SAVING,,10,1,,I,,03,10,MA,,,,,,,0,0,,,,,N,
0SSC,SC,SPORTS SCIENCE,,10,2,,I,,05,10,SC,,,,,0SSC,,0,0,,,,,N,
0SST,EG,SCREEN STUDIES,,10,1,,I,,01,10,EG,,,,,,,0,0,,,,,N,
0STAT,MA,PROBABILITY AND STATISTICS,,10,1,,I,,03,10,MA,,,,,,,0,0,,,,,N,
0STUDY,AD,YEAR 10 STUDY,,10,,,,,09,10,MS,,,,,,,0,0,,,,,N,
0STYG,EG,STUDY OF GENRE,,10,1,,I,,01,10,EG,,,,,,,0,0,,,,,N,
0SUSE,SC,SUSTAINABLE ENVIRONMENTS,,10,1,,I,,05,10,SC,,,,,0SUSE,,0,0,,,,,N,
0TARGWK,TS,TARGET WORK,,10,1,,I,,08,10,TS,,,,,,,0,0,,,,,N,
0TRSM,SV,TOURISM,,10,2,,,,06,10,TU,,,,,,,0,0,,,,,N,
0TUT,CC,TUTORING,,10,2,,I,,09,10,MS,,,,,,,0,0,,,,,N,
0TXT,HE,TEXTILES,,10,2,,I,,08,10,ZV,,,,,,,0,0,,,,,N,
0WWK,TS,WOODWORK,,10,2,,I,,08,10,DT,,,,,0WWK,,0,0,,,,,N,
0WWKF,TS,WOODWORK,,10,4,,I,,08,10,WW,240,,,,0WWKF,,,,,,,,N,
0WWKS,TS,WOODWORK,,10,2,,I,,08,10,WW,240,,,,0WWKS,,,,,,,,N,
1ABG,PE,SAASTA ABORIGINAL STUDIES,,11,2,,O,,04,11,AN,,1ABG10,1,10,,ABG,0,0,,,,,Y,G
1AIP,SV,"POLITICS, POWER AND PEOPLE",,11,2,,O,,06,11,PG,,1PPP10,1,10,,PPP,0,0,,,,,Y,G
1APC,PE,ABORIGINAL POWER CUP,,11,2,,O,,04,11,PE,,1ABG10,1,10,,ABG,0,0,,,,,Y,G
1ART,AT,ART PRACTICAL,,11,2,,I,,07,11,AT,,1VAA10,1,10,1ART,VAA,0,0,,,,,Y,G
1BEM10,SP,BUSINESS & INNOVATION: MODIFIED,,11,,,O,,09,11,BS,,1BVM10,1,10,,BVM,0,0,,,,,Y,N
1BEM20,SP,BUSINESS & ENTERPRISE: MODIFIED,,11,,,O,,09,11,BS,,1BEM20,1,20,,BEM,0,0,,,,,Y,N
1BGY,SC,BIOLOGY,,11,2,,O,,05,11,BL,,1BGY10,1,10,,BGY,0,0,,,,,Y,G
1BIG,SC,BIOLOGY,,11,2,,I,,05,11,BL,,1BGY10,1,10,1BIG,BGY,0,0,,,,,Y,G
1BIM10,SP,BUSINESS INNOVATION: MODIFIED,,11,4,,O,,09,11,BS,,1BVM10,1,10,,BVM,0,0,,,,,Y,
1BUS,SV,BUSINESS STUDIES,,11,2,,I,,06,11,BS,,1BUE10,1,10,1BUS,BUE,0,0,,,,,Y,G
1CARE,AD,CARE GROUP,,11,4,,O,,09,11,ZV,,,,,,,0,0,,,,,N,
1CCP,IT,PHOTOGRAPHY,,11,2,,I,,09,11,ZV,,,,,,,0,0,,,,,N,G
1CEM,SC,CHEMISTRY,,11,2,,O,,05,11,SC,,1CEM10,1,10,,CEM,0,0,,,,,Y,G
1CHC,LE,CHINESE (CONTINUERS),,11,2,,I,,02,11,CI,,1CHC10,1,10,1CHC,CHC,0,0,,,,,Y,G
1CHE,LE,CHINESE,,11,2,,I,,02,11,CI,,1CHC10,1,10,,CHC,0,0,,,,,Y,G
1CHI,LE,CHINESE,,11,2,,I,,02,11,CI,,1CHC10,1,10,,CHC,0,0,,,,,Y,G
1CME,SC,CHEMISTRY,,11,2,,I,,05,11,CH,,1CEM10,1,10,1CME,CEM,0,0,,,,,Y,G
1CRVA,PE,SPORT AND RECREATION,,11,2,,I,,04,11,PE,240,1SNR2,1,2,,SNR,,,,,,,N,
1CSA1,CS,ARTS AND THE COMMUNITY GP1,,11,2,,I,,09,11,CY,,,,,1CSA1,,0,0,,,,,N,
1CSD,IT,CHILD STUDIES,,11,2,,O,,04,11,CZ,,1CSD10,1,10,1CSD,CSD,0,0,,,,,Y,G
1CVA,IT,CREATIVE ARTS (MUSIC),,11,2,,I,,08,11,PH,,1CVA10,1,10,1CVA,CVA,0,0,,,,,Y,G
1CVM10,SP,CREATIVE ARTS MODIFIED,,11,,,O,,07,11,AT,,1CVM10,1,10,,CVM,0,0,,,,,Y,N
1CVM102,SP,CREATIVE ARTS: MODIFIED,,12,,,,,07,12,AT,,1CVM10,1,10,,CVM,0,0,,,,,Y,N
1CVM20,SP,CREATIVE ARTS: MODIFIED,,11,,,,,07,11,AT,,1CVM20,1,20,,CVM,0,0,,,,,Y,N
1CWVB,HE,COMMUNITY WORK VET,,11,2,,I,,09,11,CM,240,,,,1CWVB,,,,,,,,N,
1CXDST,PE,SAASTA SHIELD,,11,2,,O,,04,11,PE,,1CXD10,1,10,,CXD,0,0,,,,,Y,G
1CXDSTMS,PE,SAASTA SHIELD,,10,2,,O,,10,10,AN,,1CXD10,1,10,,CXD,0,0,,,,,Y,G
1CXM10,SP,CROSS DISCIPLINARY STUDIES: MODIFIED,,11,,,,,09,11,ZV,,1CXM20,1,20,,CXM,0,0,,,,,Y,N
1CXM10PE,SP,CROSS DISCIPLINARY STUDIES: MODIFIED,,11,,,,,09,11,PE,,1CXM10,1,10,,CXM,0,0,,,,,Y,N
1CXM20,SP,CROSS DISCIPLINARY STUDIES: MODIFIED,,11,,,O,,09,11,ZV,,1CXM20,1,20,,CXM,0,0,,,,,Y,N
1DAE,AT,PERFORMANCE DANCE,,11,4,,O,,07,11,AT,,1DAE10,1,10,,DAE,0,0,,,,,Y,G
1DCSPH,IT,PHOTOGRAPHY,,11,2,,,,08,11,IF,,1DCS10,1,10,,DCS,0,0,,,,,Y,G
1DGT,IT,DIGITAL TECHNOLOGIES,,11,2,,O,,08,11,TP,,1DGT10,1,10,,DGT,0,0,,,,,Y,G
1DGTIT,IT,INFORMATION TECHNOLOGIES,,11,2,,O,,08,11,IF,,1DGT10,1,10,,DGT,0,0,,,,,Y,G
1DPUB,IT,DIGITAL PUBLISHING,,11,2,,I,,08,11,ME,,1IPR10,1,10,,IPR,0,0,,,,,Y,G
1DTM,SP,"DESIGN, TECHNOLOGY & ENGINEERING: MODIFIED",,11,2,,O,,08,11,DE,,1DTM10,1,10,,DTM,0,0,,,,,Y,
1EAL,ED,ENGLISH AS AN ADDITIONAL LANGUAGE,,11,2,,O,,01,11,EG,,1EAL10,1,10,,EAL,0,0,,,,,Y,G
1EGH,EG,ENGLISH,,11,2,,O,,01,11,EG,,1ESH10,1,10,1EGH,ESH,0,0,,,,,Y,G
1EGU,ED,ENGLISH AS AN ADDITIONAL LANGUAGE,,11,2,,I,,01,11,EG,,1EAL10,1,10,,EAL,0,0,,,,,Y,G
1ELEC,SC,ELECTRONICS,,11,2,,I,,05,11,TS,,,,,1ELEC,,0,0,,,,,N,
1EMP10,SP,ENGLISH PATHWAYS: MODIFIED,,11,,,,,01,11,ZL,,1EPM10,1,10,,EPM,0,0,,,,,Y,N
1EPM10,SP,ENGLISH: MODIFIED,,11,,,,,01,11,ZL,,1EPM10,1,10,,EPM,0,0,,,,,Y,N
1EPM102,SP,ENGLISH PATHWAYS: MODIFIED,,11,,,,,01,11,EG,,1EPM10,1,10,,EPM,0,0,,,,,Y,N
1EPM103,SP,ENGLISH PATHWAYS: MODIFIED,,12,,,,,01,12,EG,,1EPM10,1,10,,EPM,0,0,,,,,Y,N
1EPM20,SP,ENGLISH: MODIFIED,,11,,,,,01,11,EG,,1EPM20,1,20,,EPM,0,0,,,,,Y,N
1EPM20A,SP,ENGLISH PATHWAYS: MODIFIED,,11,,,,,01,11,EG,,1EPM20,1,20,,EPM,0,0,,,,,Y,N
1EPW,EG,ENGLISH PATHWAYS,,11,2,,I,,01,11,EG,,1EPW10,1,10,1EPW,EPW,0,0,,,,,Y,G
1EPWCTUP,EG,ENGLISH PATHWAYS CATCH UP,,11,,,,,01,11,EG,,,,,,,0,0,,,,,N,
1EPWU,EG,ENGLISH PATHWAYS (UNI),,11,2,,I,,01,11,EG,,1EPW10,1,10,,EPW,0,0,,,,,Y,G
1EPWV,EG,ENGLISH PATHWAYS (VOC),,11,2,,I,,01,11,EG,,1EPW10,1,10,,EPW,0,0,,,,,Y,G
1EPWVO,EG,ENGLISH PATHWAYS (VOC),,11,2,,I,,01,11,EG,,1EPW10,1,10,,EPW,0,0,,,,,Y,G
1ESH,EG,ENGLISH,,11,2,,O,,01,11,EG,,1ESH10,1,10,,ESH,0,0,,,,,Y,G
1ESL1,ED,ENGLISH AS A SECOND LANGUAGE,,11,2,,I,,02,11,EG,240,1EGU10,1,10,1ESL1,EGU,,,,,,,Y,G
1ETE,EG,ESSENTIAL ENGLISH,,11,2,,,,01,11,EG,,1ETE10,1,10,,ETE,0,0,,,,,Y,
1ETEEAL,ED,ESSENTIAL ENGLISH (EAL),,11,2,,O,,01,11,EG,,1ETE10,1,10,,ETE,0,0,,,,,Y,G
1ETELT,EG,ESSENTIAL ENGLISH (LITERACY),,11,2,,O,,01,11,EG,,1ETE10,1,10,,ETE,0,0,,,,,Y,G
1ETEU,EG,ESSENTIAL ENGLISH (UNI PATH),,11,2,,O,,01,11,EG,,1ETE10,1,10,,ETE,0,0,,,,,Y,G
1ETEV,EG,ESSENTIAL ENGLISH (VOC PATH),,11,2,,O,,01,11,EG,,1ETE10,1,10,,ETE,0,0,,,,,Y,G
1FOH,IT,FOOD AND HOSPITALITY,,11,2,,O,,04,11,HE,,1FOH10,1,10,1FOH,FOH,0,0,,,,,Y,G
1GEO,SV,GEOGRAPHY,,11,2,,O,,06,11,GG,,,,,,,0,0,,,,,N,
1GPY,SV,GEOGRAPHY,,11,,,O,,06,11,GG,,1GPY10,1,10,,GPY,0,0,,,,,Y,G
1HEH,PE,HEALTH,,11,2,,O,,04,11,HA,,1HEW10,1,10,1HEH,HEW,0,0,,,,,Y,G
1HEHPED,PE,POSITIVE EDUCATION,,11,2,,,,04,11,HQ,,1HEH10,1,10,,HEH,0,0,,,,,Y,G
1HEM10,SP,HEALTH: MODIFIED,,11,2,,O,,04,11,PE,,1HEM10,1,10,,HEM,0,0,,,,,Y,N
1HEM10B,SP,HEALTH: MODIFIED,,11,,,,,04,11,HQ,,1HEM10,1,10,,HEM,0,0,,,,,Y,N
1HEM20,SP,HEALTH: MODIFIED,,11,,,,,04,11,HQ,,1HEM20,1,20,,HEM,0,0,,,,,Y,N
1HEW,PE,HEALTH AND WELLBEING,,11,2,,O,,04,11,HA,,1HEW10,1,10,,HEW,0,0,,,,,Y,
1HFIT,PE,HEALTH AND FITNESS,,11,2,,I,,04,11,HQ,,1ILG10,1,10,,ILG,0,0,,,,,Y,G
1HIS,SV,HISTORY,,11,2,,O,,06,11,HI,,1HSY10,1,10,1HIS,HSY,0,0,,,,,Y,G
1HSY,SV,MODERN HISTORY,,11,2,,O,,06,11,HI,,1MOD10,1,10,,MOD,0,0,,,,,Y,G
1HWM10,SP,HEALTH & WELLBEING: MODIFIED,,11,4,,O,,04,11,HA,,1HWM10,1,10,,HWM,0,0,,,,,Y,
1IESDPRO,IT,DIGITAL PRODUCTS,,11,2,,O,,08,11,ET,,1IES10,1,10,,IES,0,0,,,,,Y,
1IFT,IT,INFORMATION TECHNOLOGY,,11,2,,O,,08,11,IF,,1IFT10,1,10,1IFT,IFT,0,0,,,,,Y,G
1IGLDN,AT,DANCE - INTEGRATED LEARNING,,11,,,O,,07,11,DA,,1ILG10,1,10,,ILG,0,0,,,,,Y,G
1IL1ELE,SC,ELECTRONICS,,11,2,,O,,05,11,SC,,1ILG10,1,10,,ILG,0,0,,,,,Y,G
1ILG10PE,SP,INTEGRATED LEARNING PE,,11,,,I,,04,11,PE,,1ILG10,1,10,,ILG,0,0,,,,,Y,G
1ILGDN,AT,DANCE INTEGRATED LEARNING,,11,2,,O,,09,11,DA,,1ILG20,1,20,,ILG,0,0,,,,,Y,G
1ILGFMD,IT,FILM/MEDIA,,11,2,,I,,08,11,ZV,,1ILG10,1,10,,ILG,0,0,,,,,Y,G
1ILGMD,IT,MEDIA PRODUCTION,,11,2,,O,,08,11,ZV,,1ILG10,1,10,,ILG,0,0,,,,,Y,G
1ILGPWCUP,PE,ABORIGINAL POWER CUP,,11,,,O,,04,11,ZV,,1ILG10,1,10,,ILG,0,0,,,,,Y,G
1ILGSP,AT,STAGE PRODUCTION,,11,2,,O,,07,11,DA,,1ILG20,1,20,1ILGSP,ILG,0,0,,,,,Y,G
1ILGSS,PE,SAASTA SHIELD,,11,2,,O,,04,11,PE,,1ILG10,1,10,,ILG,0,0,,,,,Y,G
1ILNDN,AT,DANCE,,11,2,,,,09,11,DA,,1ILN20,1,20,,ILN,0,0,,,,,Y,G
1ILNSP,AT,STAGE PRODUCTION,,11,2,,O,,07,11,DR,,1ILN20,1,20,,ILN,0,0,,,,,Y,G
1ILNSST,PE,SAASTA SHIELD,,11,2,,O,,04,11,PE,,1ILN10,1,10,,ILN,0,0,,,,,Y,G
1ILNUM,MA,NUMERACY DEVELOPMENT,,11,2,,O,,03,11,MA,,1ILN10,1,10,,ILN,0,0,,,,,Y,
1IPPA,SV,INFO PROCESSING & PUBLISHING,,11,2,,I,,06,11,IP,240,1IPR10,1,10,1IPPA,IPR,,,,,,,Y,G
1IPR,IT,DIGITAL PUBLISHING & PRODUCTION,,11,2,,O,,06,11,IQ,,1IES10,1,10,1IPR,IES,0,0,,,,,Y,G
1ITB,LE,ITALIAN (BEGINNERS),,11,2,,O,,02,11,IT,,1ITB10,1,10,,ITB,0,0,,,,,Y,G
1ITC,LE,ITALIAN,,11,2,,I,,02,11,IT,,1ITC10,1,10,1ITC,ITC,0,0,,,,,Y,G
1JAC,LE,JAPANESE,,11,2,,I,,02,11,JA,,1JAC10,1,10,1JAC,JAC,0,0,,,,,Y,G
1LNKLWCL,EG,LINK LITERACY FOR WORK AND COMMUNITY LIFE,,11,2,,O,,01,11,EG,,1LWC10,1,10,,LWC,0,0,,,,,Y,G
1LNKMDLL,MA,LINK NUMERACY FOR DAILY LIFE AND LEASURE,,11,2,,O,,03,11,MA,,1NWC10,1,10,,NWC,0,0,,,,,Y,G
1LWC,EG,LITERACY WK & COM LIFE,,11,2,,I,,01,11,EG,,1LWC10,1,10,1LWC,LWC,0,0,,,,,Y,G
1LWCCUP,EG,LITERACY CATCH UP,,11,,,,,01,11,EG,,,,,,,0,0,,,,,N,
1LWCESL,EG,LITERACY WORK & COM (ESL),,11,2,,I,,01,11,EG,,1LWC10,1,10,,LWC,0,0,,,,,Y,G
1LWCL,EG,LITERACY WK & COMMUNITY LIFE,,10,2,,I,,01,10,EG,,1LWC10,1,10,,LWC,0,0,,,,,Y,G
1MAM,MA,MATHEMATICAL METHODS,,11,2,,O,,03,11,MA,,1MAM10,1,10,,MAM,0,0,,,,,Y,G
1MAMM,MA,MATHEMATICAL METHODS,,11,2,,O,,03,11,MA,,1MAM10,1,10,,MAM,0,0,,,,,Y,G
1MAMSP,MA,SPECIALIST MATHEMATICS,,11,2,,O,,03,11,MA,,1MAM10,1,10,,MAM,0,0,,,,,Y,G
1MATA,MA,MATHS PURE A,,11,2,,I,,03,11,MA,,1MAT10,1,10,1MATA,MAT,0,0,,,,,Y,G
1MATB,MA,MATHS PURE B,,11,2,,I,,03,11,MA,,1MAT10,1,10,1MATB,MAT,0,0,,,,,Y,G
1MATC,MA,MATHS PURE C,,11,2,,I,,03,11,MA,,1MAT10,1,10,1MATC,MAT,0,0,,,,,Y,G
1MATD,MA,MATHS PURE D,,11,2,,I,,03,11,MA,,1MAT10,1,10,1MATD,MAT,0,0,,,,,Y,G
1MATM,MA,MATHEMATICAL METHODS,,11,2,,I,,03,11,MA,,1MAT10,1,10,,MAT,0,0,,,,,Y,G
1MCN,MA,MATHS APPLICATIONS,,11,2,,I,,03,11,MX,,1MCN10,1,10,1MCN,MCN,0,0,,,,,Y,G
1MDAMT,TS,DESIGN TECH METAL,,11,2,,I,,08,11,TS,,1MMA10,1,10,,MMA,0,0,,,,,Y,G
1MEM,MA,ESSENTIAL MATHEMATICS,,11,2,,O,,03,11,MA,,1MEM10,1,10,,MEM,0,0,,,,,Y,G
1MEMN,MA,ESSENTIAL MATHEMATICS (NUMERACY),,11,2,,O,,03,11,MA,,1MEM10,1,10,,MEM,0,0,,,,,Y,G
1MGM,MA,GENERAL MATHEMATICS,,11,2,,O,,03,11,MA,,1MGM10,1,10,,MGM,0,0,,,,,Y,G
1MMAM,TS,DESIGN TECH METAL,,11,2,,O,,08,11,MW,,1MMP10,1,10,1MMAM,MMP,0,0,,,,,Y,G
1MMAW,TS,DESIGN TECH WOOD,,11,2,,O,,08,11,ZV,,1MMP10,1,10,1MMAW,MMP,0,0,,,,,Y,G
1MMPFD,IT,FOOD INNOVATION,,11,2,,O,,04,11,FH,,1MMP10,1,10,,MMP,0,0,,,,,Y,G
1MMPM,IT,DESIGN TECH METAL,,11,2,,O,,08,11,TP,,1MMP10,1,10,,MMP,0,0,,,,,Y,G
1MMPW,IT,DESIGN TECH WOOD,,11,2,,O,,08,11,TP,,1MMP10,1,10,,MMP,0,0,,,,,Y,G
1MOD,SV,MODERN HISTORY,,11,2,,O,,06,11,HI,,1MOD10,1,10,,MOD,0,0,,,,,Y,G
1MPM10,SP,MATHEMATICS: MODIFIED,,11,,,,,03,11,MA,,1MPM10,1,10,,MPM,0,0,,,,,Y,N
1MPM102,SP,MATHS PATHWAYS: MODIFIED,,11,,,O,,03,11,MA,,1MPM10,1,10,,MPM,0,0,,,,,Y,N
1MPM103,SP,MATHS PATHWAYS: MODIFIED,,11,,,O,,03,11,MA,,1MPM10,1,10,,MPM,0,0,,,,,Y,N
1MPM20,SP,MATHEMATICS: MODIFIED,,11,,,,,03,11,MA,,1MPM20,1,20,,MPM,0,0,,,,,Y,N
1MPW,MA,MATHS PATHWAYS,,11,2,,I,,03,11,MA,,1MPW10,1,10,1MPW,MPW,0,0,,,,,Y,G
1MRSFD,IT,FOOD INNOVATION,,11,2,,,,05,11,DT,,1MRS10,1,10,,MRS,0,0,,,,,Y,G
1MRSM,IT,METALWORK,,11,2,,,,08,11,TP,,1MRS10,1,10,,MRS,0,0,,,,,Y,G
1MRSW,IT,WOODWORK,,11,2,,,,08,11,TP,,1MRS10,1,10,,MRS,0,0,,,,,Y,G
1MUE,AT,PERFORMANCE MUSIC,,11,2,,O,,07,11,MU,,1MXE10,1,10,1MUE,MXE,0,0,,,,,Y,G
1MUS1,AT,MUSIC,,11,2,,I,,07,11,MU,240,1MUE10,1,10,1MUS1,MUE,,,,,,,Y,G
1MXE,AT,PERFORMANCE MUSIC,,11,2,,,,07,11,MU,,1MXE10,1,10,,MXE,0,0,,,,,Y,G
1NUMCHUP,MA,NUMERACY CATCH UP,,11,,,,,03,11,MA,,1NWC10,1,10,,NWC,0,0,,,,,Y,G
1NUT,SC,NUTRITION,,11,2,,,,04,11,NT,,1NTN10,1,10,,NTN,0,0,,,,,Y,G
1NWC,MA,NUMERACY FOR WORK & COM LIFE,,11,2,,I,,03,11,MA,,1NWC10,1,10,1NWC,NWC,0,0,,,,,Y,G
1OUED,PE,OUTDOOR EDUCATION,,11,2,,I,,04,11,PE,,1OUT10,1,10,,OUT,0,0,,,,,Y,G
1OUT,PE,OUTDOOR EDUCATION,,11,2,,O,,04,11,PE,,1OUT10,1,10,,OUT,0,0,,,,,Y,
1PD,CC,PERSONAL DEVELOPMENT,,11,4,,O,,09,11,HQ,,,,,,,0,0,,,,,N,
1PHD,PE,PHYSICAL EDUCATION,,11,2,,,,04,11,PE,,1PHD10,1,10,,PHD,0,0,,,,,Y,G
1PHE,PE,PHYSICAL EDUCATION,,11,2,,O,,04,11,PE,,1PHD10,1,10,1PHE,PHD,0,0,,,,,Y,G
1PLM10,SP,PLP: MODIFIED,,11,,,,,09,11,ZV,,1PLM10,1,10,,PLM,0,0,,,,,Y,N
1PLP,CC,PERSONAL LEARNING PLAN,,11,2,,O,,09,11,ZV,,1PLP10,1,10,,PLP,0,0,,,,,Y,G
1PLPA,CC,PATHWAYS,,11,,,I,,09,11,ZV,,,,,,,0,0,,,,,N,
1PLPSS,CC,PATHWAYS,,11,,,I,,09,11,SV,,,,,,,0,0,,,,,N,
1PPP,SV,"POLITICS, POWER AND PEOPLE",,11,2,,O,,06,11,PG,,1PPP10,1,10,,PPP,0,0,,,,,Y,
1PPS,SV,PHILOSOPHY,,11,2,,O,,06,11,PZ,,1PPS10,1,10,,PPS,0,0,,,,,Y,G
1PSC,SC,PSYCHOLOGY,,11,2,,O,,05,11,ZV,,1PSG10,1,10,1PSC,PSG,0,0,,,,,Y,G
1PYI,SC,PHYSICS,,11,2,,O,,05,11,PC,,1PYI10,1,10,,PYI,0,0,,,,,Y,G
1PYS,SC,PHYSICS,,11,2,,I,,05,11,PC,,1PYI10,1,10,1PYS,PYI,0,0,,,,,Y,G
1RES,IT,ELECTRONICS & PROGRAMMING A,,11,2,,O,,08,11,TP,,1RES10,1,10,,RES,0,0,,,,,Y,G
1SCF,SC,SCIENTIFIC STUDIES,,11,2,,O,,05,11,SC,,1STU10,1,10,,STU,0,0,,,,,Y,G
1SFM10,SP,SCIENTIFIC STUDIES: MODIFIED,,11,,,,,09,11,AG,,1SFM10,1,10,,SFM,0,0,,,,,Y,N
1SFM10B,SP,SCIENTIFIC STUDIES: MODIFIED,,11,,,,,05,11,SC,,1SFM10,1,10,,SFM,0,0,,,,,Y,N
1SFM20,SP,SCIENTIFIC STUDIES: MODIFIED,,11,,,,,05,11,SC,,1SFM20,1,20,,SFM,0,0,,,,,Y,N
1SOM10,SP,SOCIETY & CULTURE MODIFIED,,11,,,,,01,11,EG,,1SOM10,1,10,,SOM,0,0,,,,,Y,N
1SOM10B,SP,SOCIETY & CULTURE: MODIFIED,,11,,,,,06,11,SS,,1SOM10,1,10,,SOM,0,0,,,,,Y,N
1SOM20,SP,SOCIETY & CULTURE: MODIFIED,,11,,,,,06,11,SS,,1SOM20,1,20,,SOM,0,0,,,,,Y,N
1SOR,SV,SOCIETY & CULTURE,,11,2,,O,,06,11,SV,,1SOR10,1,10,1SOR,SOR,0,0,,,,,Y,G
1STU,SC,SCIENTIFIC STUDIES,,11,2,,,,05,11,SC,,1STU10,1,10,,STU,0,0,,,,,Y,G
1VAA,AT,ART PRACTICAL,,11,2,,O,,07,11,AT,,1VAA10,1,10,1VAA,VAA,0,0,,,,,Y,G
1VAD,AT,DESIGN PRACTICAL,,11,2,,I,,07,11,DE,,1VAD10,1,10,1VAD,VAD,0,0,,,,,Y,G
1VEG1,EG,ENGLISH,,11,2,,I,,01,11,EG,,1ENG1,1,1,1VEG1,ENG,0,0,,,,,N,
1WPS,FL,WORKPLACE PRACTICES,,11,2,,I,,09,11,WD,,1WPS10,1,10,1WPS,WPS,0,0,,,,,Y,G
2ABG,PE,SAASTA ABORIGINAL STUDIES,,12,2,,O,,04,12,PE,,2ILB20,2,20,,ILB,0,0,,,,,Y,S
2APC,PE,ABORIGINAL POWER CUP,,12,4,,I,,04,12,PE,,2ILG20,2,20,,ILG,0,0,,,,,Y,S
2BEM10,SP,BUSINESS & ENTERPRISE: MODIFIED,,12,,,,,06,12,BS,,2BEM10,2,10,,BEM,0,0,,,,,Y,N
2BGY,SC,BIOLOGY,,12,4,,O,,05,12,BL,,2BGY20,2,20,,BGY,0,0,,,,,Y,S
2BIG,SC,BIOLOGY,,12,4,,I,,05,12,BL,,2BIG20,2,20,2BIG,BIG,0,0,,,,,Y,S
2CARE,AD,CARE GROUP,,12,4,,O,,09,12,PA,,,,,,,0,0,,,,,N,
2CCA,IT,DIGITAL PHOTOGRAPHY,,12,4,,O,,08,12,PH,,2CCB20,2,20,,CCB,0,0,,,,,Y,S
2CEM,SC,CHEMISTRY,,12,4,,O,,05,12,CH,,2CEM20,2,20,,CEM,0,0,,,,,Y,S
2CHC20,LE,CHINESE (CONTINUERS),,12,,,I,,02,12,CI,,2CHC20,2,20,,CHC,0,0,,,,,Y,S
2CME,SC,CHEMISTRY,,12,4,,I,,05,12,CH,,2CME20,2,20,2CME,CME,0,0,,,,,Y,S
2CSD,HE,CHILD STUDIES,,12,4,,O,,04,12,CZ,,2CSD20,2,20,2CSD,CSD,0,0,,,,,Y,S
2CSD1,IT,CHILD STUDIES,,12,4,,I,,09,12,HE,,2CSD20,2,20,2CSD1,CSD,0,0,,,,,Y,S
2CVAMU,AT,CREATIVE ARTS (MUSIC),,12,4,,O,,07,12,MU,,2CVA20,2,20,,CVA,0,0,,,,,Y,S
2CVM10,SP,CREATIVE ARTS: MODIFIED,,12,,,,,07,12,ZD,,2CVM10,2,10,,CVM,0,0,,,,,Y,N
2CVM20,SP,CREATIVE ARTS: MODIFIED,,12,,,,,07,12,AT,,2CVM20,2,20,,CVM,0,0,,,,,Y,N
2CVM20A,SP,CREATIVE ARTS: MODIFIED,,12,,,,,07,12,AT,,2CVM20,2,20,,CVM,0,0,,,,,Y,N
2CXDCE,SV,CULTURAL EXPLORATIONS,,12,4,,O,,06,12,SS,,2CXD20,2,20,,CXD,0,0,,,,,Y,
2CXM10,SP,CROSS DISCIPLINARY STUDIES: MODIFIED,,12,,,,,09,12,ZV,,2CXM10,2,10,,CXM,0,0,,,,,Y,N
2CXM20,SP,CROSS DISCIPLINARY STUDIES: MODIFIED,,12,,,,,09,12,ZV,,2CXM20,2,20,,CXM,0,0,,,,,Y,N
2DAE,AT,DANCE,,12,4,,I,,07,12,DA,,2DAE20,2,20,2DAE,DAE,0,0,,,,,Y,S
2DCSDP,IT,DIGITAL PRODUCTS,,12,4,,O,,08,12,IF,,2IES20,2,20,,IES,0,0,,,,,Y,S
2DCSDPH,IT,DIGITAL PHOTOGRAPHY,,12,4,,O,,08,12,PH,,2DCS20,2,20,,DCS,0,0,,,,,Y,
2DCSPH,IT,PHOTOGRAPHY,,12,4,,O,,08,12,IF,,,,,,,0,0,,,,,N,
2DGT,IT,DIGITAL TECHNOLOGIES,,12,4,,I,,08,12,IF,,2DGT20,2,20,,DGT,0,0,,,,,Y,S
2EAL,ED,ENGLISH AS AN ADDITIONAL LANGUAGE,,12,4,,O,,01,12,EG,,2EAL20,2,20,,EAL,0,0,,,,,Y,S
2ECS,EG,ENGLISH COMMUNICATIONS,,12,4,,I,,01,12,EG,,,,,2ECS,,0,0,,,,,N,S
2EGA,ED,ENGLISH AS A SECOND LANGUAGE,,12,4,,I,,01,12,EG,,,,,,,0,0,,,,,N,S
2ELS,EG,ENGLISH LITERARY STUDIES,,12,4,,I,,01,12,EG,,,,,,,0,0,,,,,N,
2END,EG,ENGLISH STUDIES,,12,4,,I,,01,12,EG,,,,,,,0,0,,,,,N,S
2EPM10,SP,ENGLISH PATHWAYS: MODIFIED,,12,,,,,01,12,EG,,2EPM10,2,10,,EPM,0,0,,,,,Y,N
2EPM20,SP,ENGLISH PATHWAYS: MODIFIED,,12,,,,,01,12,EG,,2EPM20,2,20,,EPM,0,0,,,,,Y,N
2EPM20B,SP,ENGLISH PATHWAYS: MODIFIED,,11,,,,,01,11,EG,,2EPM20,2,20,,EPM,0,0,,,,,Y,N
2EPW,EG,ENGLISH PATHWAYS,,12,4,,I,,01,12,EG,,,,,2EPW,,0,0,,,,,N,S
2ESH,EG,ENGLISH,,12,4,,O,,01,12,EG,,2ESH20,2,20,,ESH,0,0,,,,,Y,S
2ETE,EG,ESSENTIAL ENGLISH,,12,4,,O,,01,12,EG,,2ETE20,2,20,,ETE,0,0,,,,,Y,S
2FOH,IT,FOOD & HOSPITALITY STUDIES,,12,4,,O,,04,12,HE,240,2FOH20,2,20,2FOH,FOH,,,,,,,Y,S
2HEH,PE,HEALTH,,12,4,,O,50,04,12,HA,,2HEW20,2,20,2HEH,HEW,0,0,,,R-CHP-6490,G03,Y,S
2HEM10,SP,HEALTH: MODIFIED,,12,,,,,04,12,HA,,2HEM10,2,10,,HEM,0,0,,,,,Y,N
2HEM20,SP,HEALTH: MODIFIED,,12,,,,,09,12,HA,,2HEM20,2,20,,HEM,0,0,,,,,Y,N
2HEW,PE,HEALTH AND WELLBEING,,12,4,,O,,04,12,HA,,2HEW20,2,20,,HEW,0,0,,,,,Y,
2HWM20,SP,HEALTH & WELLBEING: MODIFIED,,12,4,,O,,04,12,HQ,,2HWM20,2,20,,HWM,0,0,,,,,Y,
2IESDPR,IT,DIGITAL PRODUCTS,,12,4,,O,,08,12,ET,,2IES20,2,20,,IES,0,0,,,,,Y,
2IESMW,IT,METALWORK,,12,4,,O,,08,12,DT,,2IES20,2,20,,IES,0,0,,,,,Y,
2ILABGY,SC,INTEGRATED BIOLOGY,,12,2,,,,05,12,BL,,,,,,,0,0,,,,,N,
2ILAMA,MA,INTEGRATED LEARNING MATHS,,12,,,I,,03,12,MX,,,,,,,0,0,,,,,N,
2ILASC,SC,INTEGRATED LEARNING SCIENCE,,12,,,I,,05,12,SC,,2ILA20,2,20,,ILA,0,0,,,,,Y,S
2ILASS,PE,"SPORT, HEALTH & PHYSICAL ACTIVITY",,12,4,,O,,04,12,PE,,2ILA20,2,20,,ILA,0,0,,,,,Y,S
2ILBPSC,SC,PSYCHOLOGY INTEGRATED LEARNING,,12,,,I,,05,12,SC,,2ILB20,2,20,,ILB,0,0,,,,,Y,S
2ILBPWR,PE,POWER CUP,,12,4,,O,,04,12,PE,,2ILB20,2,20,,ILB,0,0,,,,,Y,S
2ILBSP,AT,STAGE PRODUCTION,,12,4,,O,,07,12,AT,,2ILB20,2,20,,ILB,0,0,,,,,Y,S
2ILGPC,PE,ABORIGINAL POWER CUP,,12,4,,I,,04,12,PE,,2ILH20,2,20,,ILH,0,0,,,,,Y,S
2ILGSP,AT,STAGE PRODUCTION,,12,4,,I,,07,12,DA,,2ILB20,2,20,2ILGSP,ILB,0,0,,,,,Y,S
2ILGSS,PE,SPORTS STUDIES,,12,4,,I,,04,12,PE,,2ILG20,2,20,,ILG,0,0,,,,,Y,S
2ILHPC,PE,POWER CUP,,12,4,,I,,04,12,HQ,,2ILG20,2,20,,ILG,0,0,,,,,Y,S
2ILHSA,PE,SAASTA INTEGRATED LEARNING,,12,4,,O,,04,12,PE,,2ILB20,2,20,,ILB,0,0,,,,,Y,S
2ILHSP,AT,STAGE PRODUCTION,,12,4,,I,,07,12,AT,,,,,,,0,0,,,,,N,S
2ILNMTH,MA,MATHS SKILLS FOR LIFE,,12,4,,O,,03,12,MX,,2ILA20,2,20,,ILA,0,0,,,,,Y,
2ILNPSC,SC,INTEGRATED PSYCHOLOGY,,12,4,,O,,05,12,PW,,2ILB20,2,20,,ILB,0,0,,,,,Y,
2ILNSC,SC,SCIENCE AND HEALTHY LIFESTYLE,,12,4,,O,,05,12,SC,,2ILA20,2,20,,ILA,0,0,,,,,Y,
2ILNST,AT,URBAN STREET ART & COMMUNITY ART,,12,4,,O,,07,12,AT,,2ILA20,2,20,,ILA,0,0,,,,,Y,
2ILPP,SV,POLITICAL PHILOSOPHY,,12,4,,O,,06,12,SV,,2ILA20,2,20,,ILA,0,0,,,,,Y,
2INCEM,SC,INTEGRATED CHEMISTRY,,12,,,,,05,12,CH,,2ILB20,2,20,,ILB,0,0,,,,,Y,
2IPR,IT,DIGITAL PRODUCTIONS,,12,4,,I,,08,12,IQ,,,,,,,0,0,,,,,N,S
2IPRA,SV,INFORMATION PROCESSING & PUBLISHING,,12,2,,I,,06,12,ZV,,2IPR20,2,20,2IPRA,IPR,0,0,,,,,Y,S
2IPRB,SV,INFORMATION PROCESSING & PUBLISHING,,12,2,,I,,06,12,ZV,,2IPR10,2,10,2IPRB,IPR,0,0,,,,,Y,S
2ITB,LE,ITALIAN (BEGINNERS),,12,4,,I,,02,12,IT,,2ITB20,2,20,,ITB,0,0,,,,,Y,S
2MBL10,AT,ENSEMBLE PERFORMANCE,,12,,,I,,07,12,MU,,,,,,,0,0,,,,,N,S
2MCG10,AT,COMPOSING AND ARRANGING,,12,,,I,,07,12,MU,,,,,,,0,0,,,,,N,S
2MCN,MA,MATHS APPLICATIONS,,12,4,,I,,03,12,MA,,2MCN20,2,20,2MCN,MCN,0,0,,,,,Y,S
2MDS,MA,MATHEMATICAL STUDIES,,12,4,,I,,03,12,MA,,,,,,,0,0,,,,,N,S
2MEM,MA,ESSENTIAL MATHEMATICS,,12,4,,O,,03,12,MA,,2MEM20,2,20,,MEM,0,0,,,,,Y,S
2MEP1A,AT,MUSIC ENSEMBLE PERFORMANCE,,12,4,,I,,07,12,MT,120,2MEP1,2,1,,MEP,0,0,,,,,N,S
2MFC10,AT,SOLO PERFORMANCE,,12,,,I,,07,12,MU,,,,,,,0,0,,,,,N,S
2MGM,MA,GENERAL MATHEMATICS,,12,4,,O,,03,12,MA,,2MGM20,2,20,,MGM,0,0,,,,,Y,S
2MHD,MA,MATHEMATICAL STUDIES,,12,4,,I,,03,12,MA,,,,,2MHD,,0,0,,,,,N,S
2MHS,MA,MATHEMATICAL METHODS,,12,4,,O,,03,12,MA,,2MHS20,2,20,,MHS,0,0,,,,,Y,S
2MIS1,AT,MUSIC INDIVIDUAL STUDY,,12,,,I,,07,12,MU,,,,,,,0,0,,,,,N,S
2MMAM,IT,METALWORK,,12,2,,I,,08,12,TP,,,,,,,0,0,,,,,N,S
2MMAOC,IT,OUTDOOR CONSTRUCTION,,12,4,,I,,08,12,TP,,,,,,,0,0,,,,,N,S
2MMAW,IT,WOODWORK,,12,4,,I,,08,12,TP,,,,,,,0,0,,,,,N,S
2MPF10,AT,PERFORMANCE SPECIAL STUDY,,12,,,I,,07,12,MU,,,,,,,0,0,,,,,N,S
2MPM10,SP,MATHS PATHWAYS: MODIFIED,,12,,,,,03,12,ZL,,2MPM10,2,10,,MPM,0,0,,,,,Y,N
2MPM20,SP,MATHEMATICS: MODIFIED,,12,,,,,03,12,MA,,2MPM20,2,20,,MPM,0,0,,,,,Y,N
2MPM20B,SP,MATHS PATHWAYS: MODIFIED,,12,,,,,03,12,MX,,2MPM20,2,20,,MPM,0,0,,,,,Y,N
2MPW,MA,MATHS PATHWAYS,,12,4,,I,,03,12,MA,,,,,2MPW,,0,0,,,,,N,S
2MRSM,IT,METALWORK,,12,4,,O,,08,12,DT,,2IES20,2,20,,IES,0,0,,,,,Y,S
2MRSW,IT,FURNITURE CONSTRUCTION,,12,4,,O,,08,12,DT,,2MRS20,2,20,,MRS,0,0,,,,,Y,S
2MSC,MA,SPECIALIST MATHS,,12,4,,O,,03,12,MA,,2MSC20,2,20,2MSC,MSC,0,0,,,,,Y,S
2MSP1A,AT,MUSIC SOLO PERFORMANCE,,12,4,,I,,07,12,MT,120,2MSP1,2,1,,MSP,0,0,,,,,N,S
2MUS,AT,MUSIC,,12,4,,I,,07,12,MU,,,,,,,0,0,,,,,N,
2MVS10,AT,MUSIC INDIVIDUAL STUDY,,12,,,I,,07,12,MU,,,,,,,0,0,,,,,N,S
2PD,CC,PERSONAL DEVELOPMENT,,12,4,,O,,09,12,HQ,,,,,,,0,0,,,,,N,
2PHD,PE,PHYSICAL EDUCATION,,12,4,,O,50,04,12,PE,,2PHD20,2,20,2PHD,PHD,0,0,,,R-CXC-6460-0005,G03,Y,S
2PHE,PE,PHYSICAL EDUCATION,,12,4,,I,50,04,12,PE,,,,,2PHE,,0,0,,,R-CXC-6460-0005,G03,N,S
2PLP,CC,PATHWAYS,,12,4,,O,,09,12,SV,,,,,,,0,0,,,,,N,
2PPP,SV,"POLITICS, POWER AND PEOPLE",,12,4,,O,,06,12,PG,,2PPP20,2,20,,PPP,0,0,,,,,Y,
2PPS,SV,PHILOSOPHY,,12,4,,O,,06,12,PZ,,2PPS20,2,20,,PPS,0,0,,,,,Y,
2PSC,SC,PSYCHOLOGY,,12,4,,O,,05,12,ZC,,2PSC20,2,20,2PSC,PSC,0,0,,,,,Y,S
2PYI,SC,PHYSICS,,12,4,,O,,05,12,PC,,2PYI20,2,20,,PYI,0,0,,,,,Y,S
2PYS,SC,PHYSICS,,12,4,,I,,05,12,PC,,,,,2PYS,,0,0,,,,,N,S
2RES,IT,ROBOTIC AND ELECTRONIC SYSTEMS,,12,4,,O,,08,12,DT,,2RES20,2,20,,RES,0,0,,,,,Y,
2RPA,RP,RESEARCH PROJECT A,,12,2,,O,,06,12,MS,,2RPA10,2,10,2RPA,RPA,0,0,,,,,Y,S
2RPB,RP,RESEARCH PROJECT B,,12,2,,O,,09,12,ZV,,2RPB10,2,10,,RPB,0,0,,,,,Y,S
2RPJ1,RP,RESEARCH PROJECT,,12,2,,O,,06,12,SV,,2RPB10,2,10,,RPB,0,0,,,,,Y,S
2RPJA,RP,RESEARCH PROJECT (VOC),,12,2,,I,,06,12,SV,,2RPJ10,2,10,,RPJ,0,0,,,,,Y,S
2RPJB,RP,RESEARCH PROJECT (UNI),,12,2,,I,,06,12,SV,,2RPJ10,2,10,,RPJ,0,0,,,,,Y,S
2RPM10,SP,RESEARCH PROJECT: MODIFIED,,12,,,,,09,12,ZV,,2RPM10,2,10,,RPM,0,0,,,,,Y,N
2SCF,SC,SCIENTIFIC STUDIES,,12,4,,I,,05,12,SC,,2STU20,2,20,,STU,0,0,,,,,Y,S
2SCF20,SC,SCIENTIFIC STUDIES,,12,,,I,,05,12,BL,,,,,,,0,0,,,,,N,S
2SFM20,SP,SCIENTIFIC STUDIES: MODIFIED,,12,,,,,05,12,SC,,2SFM20,2,20,,SFM,0,0,,,,,Y,N
2SOM10,SP,SOCIETY & CULTURE: MODIFIED,,12,,,,,06,12,SS,,2SOM20,2,20,,SOM,0,0,,,,,Y,N
2SOM20,SP,SOCIETY & CULTURE: MODIFIED,,12,,,,,09,12,ZV,,2SOM20,2,20,,SOM,0,0,,,,,Y,N
2SOM20B,SP,SOCIETY & CULTURE: MODIFIED,,12,,,,,09,12,ZL,,2SOM20,2,20,,SOM,0,0,,,,,Y,N
2SOR,SV,SOCIETY & CULTURE,,12,4,,O,,06,12,SV,,2SOR20,2,20,2SOR,SOR,0,0,,,,,Y,S
2STU,SC,SCIENTIFIC STUDIES,,12,4,,O,,05,12,SC,,2STU20,2,20,,STU,0,0,,,,,Y,S
2VAA,AT,VISUAL ARTS - ART,,12,4,,O,,07,12,AT,,2VAA20,2,20,2VAA,VAA,0,0,,,,,Y,S
2VAD,AT,DESIGN,,12,4,,I,,07,12,DE,,,,,2VAD,,0,0,,,,,N,S
2WPA,FL,WORKPLACE PRACTICES,,12,2,,I,,09,12,ZV,,2WPC20,2,20,2WPA,WPC,0,0,,,,,Y,S
2WPAH,FL,WORKPLACE PRACTICES (HYBRID),,12,2,,I,,09,12,WD,,2WPA10,2,10,,WPA,0,0,,,,,Y,S
2WPB,FL,WORK PLACE PRACTICES,,12,2,,I,,09,12,ZL,,,,,2WPB,,0,0,,,,,N,S
2WPC,FL,WORKPLACE PRACTICES,,12,4,,O,,09,12,MS,,2WPC20,2,20,,WPC,0,0,,,,,Y,S
8ART,AT,VISUAL ART,,08,1,,O,,07,08,AT,,,,,,,0,0,,,,,N,
8ART1,AT,ART,ART,08,1,,I,,07,08,AT,,,,,8ART1,,0,0,,,,,N,
8ARTD,AT,ART/DESIGN,,08,1,,I,,07,08,AT,,,,,8ARTD,,0,0,,,,,N,
8CARE,AD,CARE GROUP,,08,4,,O,,09,08,MS,,,,,,,0,0,,,,,N,
8CARE1,AD,CARE GROUP,,08,4,,I,,09,08,PA,100,,,,8CARE1,,0,0,,,,,N,
8CER,AT,CERAMICS,,08,1,,,,07,08,AT,,,,,,,0,0,,,,,N,
8CFFL,IT,CREATIVE FOOD FOR LIFE,,08,1,,O,,04,08,HE,,,,,,,0,0,,,,,N,
8CHI,LE,CHINESE,,08,2,,O,,02,08,CI,,,,,,,0,0,,,,,N,
8CHI1,LE,CHINESE,,08,4,,I,,02,08,CI,,,,,8CHI1,,0,0,,,,,N,
8DAN,AT,DANCE,,08,1,,O,,07,08,DA,,,,,,,0,0,,,,,N,
8DANS1,AT,DANCE,,08,1,,I,,07,08,DA,240,,,,8DANS1,,0,0,,,,,N,
8DASD,AT,STAGE DESIGN,,08,,,I,,07,08,AT,,,,,8DASD,,0,0,,,,,N,
8DDN,IT,DIGITAL DESIGN,,08,1,,I,,08,08,IF,,,,,,,0,0,,,,,N,
8DIMS1,AT,DIGITAL MUSIC,,08,1,,I,,07,08,MU,240,,,,8DIMS1,,0,0,,,,,N,
8DRA,AT,DRAMA,,08,1,,O,,07,08,DR,,,,,8DRA,,0,0,,,,,N,
8DRAS1,AT,DRAMA,,08,1,,I,,07,08,DR,240,,,,8DRAS1,,0,0,,,,,N,
8DTE,IT,DIGITAL TECHNOLOGY,,08,4,,I,,08,08,ET,,,,,,,0,0,,,,,N,
8DTEA,IT,DIGITAL TECHNOLOGY,,08,1,,O,,08,08,IF,,,,,,,0,0,,,,,N,
8DTEB,IT,DIGITAL TECHNOLOGY APPS,,08,1,,O,,08,08,IF,,,,,,,0,0,,,,,N,
8EALA,ED,ENGLISH AS AN ADDITIONAL LANG A,,08,4,,O,,01,08,TX,,,,,,,0,0,,,,,N,
8EALB,ED,ENGLISH AS AN ADDITIONAL LANG B,,08,4,,O,,01,08,TX,,,,,,,0,0,,,,,N,
8ENG,EG,ENGLISH,,08,4,,I,,01,08,EG,,,,,,,0,0,,,,,N,
8ENG1,EG,ENGLISH,,08,2,,I,,01,08,EG,240,,,,8ENG1,,0,0,,,,,N,
8ENGL,EG,ENGLISH,,08,4,,O,,01,08,EG,,,,,,,0,0,,,,,N,
8ENGO,EG,ENGLISH,,08,4,,O,,01,08,EG,,,,,,,0,0,,,,,N,
8ENGP,EG,ENGLISH,,08,4,,O,,01,08,EG,,,,,,,0,0,,,,,N,
8ENGX,EG,ENGLISH,,08,4,,I,,01,08,EG,,,,,,,0,0,,,,,N,
8ENGY,EG,LANGUAGE,,08,4,,I,,01,08,EG,,,,,,,0,0,,,,,N,
8ENGZ,EG,ENGLISH,,08,4,,I,,01,08,EG,,,,,,,0,0,,,,,N,
8ESL,ED,ENGLISH AS A SECOND LANGUAGE PHASE 3/4,,08,4,,I,,02,08,EG,,,,,8ESL,,0,0,,,,,N,
8ESL1,ED,ENGLISH 2ND LANG,,08,2,,I,,01,08,EG,240,,,,8ESL1,,0,0,,,,,N,
8ESLA,ED,ENGLISH AS A SECOND LANGUAGE A,,08,4,,I,,01,08,TX,,,,,,,0,0,,,,,N,
8ESLB,ED,ENGLISH AS A SECOND LANGUAGE B,,08,4,,I,,01,08,TX,,,,,,,0,0,,,,,N,
8ESLEA,ED,ENGLISH AS A SECOND LANGUAGE A,,08,4,,I,,01,08,TX,,,,,,,0,0,,,,,N,
8ESLEB,ED,ENGLISH AS A SECOND LANGUAGE B,,08,4,,I,,01,08,TX,,,,,,,0,0,,,,,N,
8FOD,IT,FOOD AND NUTRITION,,08,1,,O,,08,08,HE,,,,,,,0,0,,,,,N,
8GER1,LE,GERMAN,,08,2,,I,,02,08,GM,240,,,,8GER1,,0,0,,,,,N,
8GRK1,LE,GREEK,,08,2,,I,,02,08,GK,240,,,,8GRK1,,0,0,,,,,N,
8HEC,HE,FOOD,,08,1,,I,,04,08,HE,,,,,,,0,0,,,,,N,
8HEC1,HE,HOME EC,,08,1,,I,,08,08,HE,240,,,,8HEC1,,0,0,,,,,N,
8HEC2,HE,HOME EC,,08,1,,I,,08,08,HE,200,,,,8HEC2,,0,0,,,,,N,
8HPE,PE,HEALTH AND PHYSICAL EDUCATION,,08,2,,O,,04,08,PE,,,,,,,0,0,,,,,N,
8HUM,SV,HUMANITIES,,08,4,,I,,06,08,SV,,,,,,,0,0,,,,,N,
8HUME,SV,HUMANITIES,,08,4,,O,,06,08,SV,,,,,,,0,0,,,,,N,
8HUML,SV,HUMANITIES,,08,4,,O,,06,08,SV,,,,,,,0,0,,,,,N,
8HUMO,SV,HUMANITIES,,08,4,,O,,06,08,SV,,,,,,,0,0,,,,,N,
8HUMP,SV,HUMANITIES,,08,4,,O,,06,08,SV,,,,,,,0,0,,,,,N,
8HUMTE,SV,HUMANITIES,,08,1,,O,,06,08,SV,,,,,,,0,0,,,,,N,
8HUMTL,SV,HUMANITIES,,08,1,,O,,06,08,SV,,,,,,,0,0,,,,,N,
8HUMTO,SV,HUMANITIES,,08,1,,O,,06,08,SS,,,,,,,0,0,,,,,N,
8HUMTP,SV,HUMANITIES,,08,1,,O,,06,08,SV,,,,,,,0,0,,,,,N,
8HUMX,SV,HUMANITIES,,08,4,,I,,06,08,SV,,,,,,,0,0,,,,,N,
8HUMY,SV,HUMANITIES,,08,4,,I,,06,08,SS,,,,,,,0,0,,,,,N,
8HUMZ,SV,HUMANITIES,,08,4,,I,,06,08,SV,,,,,,,0,0,,,,,N,
8HUWFW,SV,HUMANITIES - WALK FOR WATER,,08,4,,O,,06,08,SV,,,,,,,0,0,,,,,N,
8ICT,IT,COMPUTING,,08,1,,I,,08,08,IF,,,,,8ICT,,0,0,,,,,N,
8ITA,LE,ITALIAN,,08,2,,O,,02,08,IT,,,,,8ITA,,0,0,,,,,N,
8ITA1,LE,ITALIAN,,08,4,,I,,02,08,IT,240,,,,8ITA1,,0,0,,,,,N,
8JAP,LE,JAPANESE,,08,2,,I,,02,08,JA,,,,,8JAP,,0,0,,,,,N,
8KAU,LE,KAURNA,,08,4,,I,,02,08,AB,,,,,,,0,0,,,,,N,
8KAU1,LE,KAURNA,,08,2,,I,,02,08,KN,,,,,8KAU1,,0,0,,,,,N,
8LINKENG,EG,LINK ENGLISH,,08,2,,I,,01,08,EG,,,,,,,0,0,,,,,N,
8LINKLIT,EG,LINK LITERACY,,08,2,,I,,01,08,EG,,,,,,,0,0,,,,,N,
8LINKMTH,MA,LINK MATHS,,08,2,,I,,03,08,MA,,,,,,,0,0,,,,,N,
8LINKSCI,SC,LINK SCIENCE,,08,2,,I,,05,08,SC,,,,,,,0,0,,,,,N,
8LINKSOS,SV,LINK HUMANITIES,,08,2,,,,06,08,SV,,,,,,,0,0,,,,,N,
8LIT,EG,ESL LITERACY,,08,2,,I,,01,08,EG,,,,,,,0,0,,,,,N,
8LITAF,EG,LITERACY,,08,4,,O,,01,08,EG,,,,,,,0,0,,,,,N,
8LITCOACH,CC,LITERACY COACHING,,08,,,,,09,08,MS,,,,,,,0,0,,,,,N,
8LITE,EG,ESL LITERACY,,08,4,,I,,01,08,EG,,,,,,,0,0,,,,,N,
8LITP,EG,LITERACY,,08,4,,O,,01,08,EG,,,,,,,0,0,,,,,N,
8LITT,LS,LEARNING SUPPORT,,08,4,,I,,02,08,EG,,,,,,,0,0,,,,,N,
8LITY,EG,LITERACY,,08,4,,I,,01,08,EG,,,,,,,0,0,,,,,N,
8LITZ,EG,LITERACY,,08,2,,I,,01,08,EG,,,,,,,0,0,,,,,N,
8LNSP,LS,LEARNING SUPPORT,,08,4,,O,,02,08,EG,,,,,,,0,0,,,,,N,
8MDN,IT,MATERIALS DESIGN,,08,1,,I,,08,08,ZV,,,,,,,0,0,,,,,N,
8MDNM,IT,METALWORK,,08,1,,O,,08,08,DT,,,,,,,0,0,,,,,N,
8MDNW,IT,WOODWORK,,08,1,,O,,08,08,DT,,,,,,,0,0,,,,,N,
8MME,IT,DIGITAL MEDIA,,08,2,,I,,08,08,ME,,,,,,,0,0,,,,,N,
8MME1,AT,MULTIMEDIA,MM,08,1,,I,,07,08,ZO,,,,,8MME1,,0,0,,,,,N,
8MTH,MA,MATHEMATICS,,08,4,,I,,03,08,MA,,,,,,,0,0,,,,,N,
8MTH1,MA,MATHEMATICS,,08,4,,I,,03,08,MA,240,,,,8MTH1,,0,0,,,,,N,
8MTHE,MA,MATHEMATICS,,08,4,,O,,03,08,MA,,,,,,,0,0,,,,,N,
8MTHL,MA,MATHEMATICS,,08,4,,O,,03,08,MA,,,,,,,0,0,,,,,N,
8MTHO,MA,MATHEMATICS,,08,4,,O,,03,08,MA,,,,,,,0,0,,,,,N,
8MTHP,MA,MATHEMATICS,,08,4,,O,,03,08,MA,,,,,,,0,0,,,,,N,
8MTHX,MA,MATHEMATICS,,08,4,,I,,03,08,MA,,,,,,,0,0,,,,,N,
8MTHY,MA,MATHEMATICS,,08,4,,I,,03,08,MA,,,,,,,0,0,,,,,N,
8MTHZ,MA,MATHEMATICS,,08,4,,I,,03,08,MA,,,,,,,0,0,,,,,N,
8MUS,AT,MUSIC,,08,1,,O,,07,08,MU,,,,,,,0,0,,,,,N,
8MUS1,AT,MUSIC,,08,1,,I,,07,08,MU,240,,,,8MUS1,,0,0,,,,,N,
8MWK,TS,METALWORK,,08,1,,I,,08,08,DT,,,,,,,0,0,,,,,N,
8MWK1,TS,METALWORK,MW,08,1,,I,,08,08,MW,,,,,,,0,0,,,,,N,
8PD,CC,PERSONAL DEVELOPMENT,,08,4,,I,,09,08,HQ,,,,,,,0,0,,,,,N,
8PDV,CC,PERSONAL DEVELOPMENT,,08,4,,O,,09,08,MM,,,,,,,0,0,,,,,N,
8PED,PE,PHYSICAL EDUCATION,,08,2,,O,,04,08,PE,,,,,8PED,,0,0,,,,,N,
8PED1,PE,PHYSICAL EDUCATION,,08,2,,O,,04,08,PE,240,,,,8PED1,,0,0,,,,,N,
8PED2,PE,PHYSICAL EDUCATION,,08,2,,O,,04,08,PE,200,,,,8PED2,,0,0,,,,,N,
8PEX,PE,PHYSICAL EDUCATION EXTRA,,08,1,,I,,04,08,PE,,,,,,,0,0,,,,,N,
8PLP,CC,PERSONAL LEARNING PLAN,,08,4,,I,,09,08,MM,,,,,,,0,0,,,,,N,
8SCI,SC,SCIENCE,,08,4,,I,,05,08,SC,,,,,,,0,0,,,,,N,
8SCI1,SC,SCIENCE,,08,2,,I,,05,08,SC,240,,,,8SCI1,,0,0,,,,,N,
8SCIE,SC,SCIENCE,,08,4,,O,,05,08,SC,,,,,,,0,0,,,,,N,
8SCIL,SC,SCIENCE,,08,4,,O,,05,08,SC,,,,,,,0,0,,,,,N,
8SCIO,SC,SCIENCE,,08,4,,O,,05,08,SC,,,,,,,0,0,,,,,N,
8SCIP,SC,SCIENCE,,08,4,,O,,05,08,SC,,,,,,,0,0,,,,,N,
8SCIX,SC,SCIENCE,,08,4,,I,,05,08,SC,,,,,,,0,0,,,,,N,
8SCIY,SC,SCIENCE,,08,4,,I,,05,08,SC,,,,,,,0,0,,,,,N,
8SCIZ,SC,SCIENCE,,08,4,,I,,05,08,SC,,,,,,,0,0,,,,,N,
8SOS,SV,HUMANITIES,,08,2,,I,,06,08,SV,,,,,,,0,0,,,,,N,
8SOS1,SV,HUMANITIES,,08,2,,I,,06,08,SV,240,,,,8SOS1,,0,0,,,,,N,
8SOSX,SV,HUMANITIES EXTENSION,,08,2,,I,,06,08,SV,,,,,,,0,0,,,,,N,
8TSE1,TS,ENERGY TECHNOLOGY,ENERGY,08,1,,I,,08,08,ET,,,,,8TSE1,,0,0,,,,,N,
8TSES,TS,ENERGY STUDIES,,08,,,I,,08,08,ET,,,,,8TSES,,0,0,,,,,N,
8TUT,CC,TUTORING,,08,2,,I,,09,08,MS,,,,,,,0,0,,,,,N,
8TXT,HE,TEXTILES,,08,1,,I,,08,08,CT,,,,,8TXT,,0,0,,,,,N,
8TXT1,HE,TEXTILES,TEX,08,1,,I,,08,08,CT,,,,,8TXT1,,0,0,,,,,N,
8WWK,TS,WOODWORK,,08,1,,I,,08,08,DT,,,,,,,0,0,,,,,N,
8WWK1,TS,WOODWORK,WOODWORK,08,1,,I,,08,08,DT,,,,,8WWK1,,0,0,,,,,N,
9ART,AT,VISUAL ART,,09,2,,O,,07,09,AT,,,,,,,0,0,,,,,N,
9ART1,AT,ART,ART,09,2,,I,,07,09,AT,,,,,9ART1,,0,0,,,,,N,
9ART2,AT,ART,ART,09,2,,I,,07,09,AT,,,,,9ART2,,0,0,,,,,N,
9ARTS1,AT,ART,,09,1,,I,,07,09,AT,240,,,,9ARTS1,,0,0,,,,,N,
9ARTS2,AT,ART,,09,1,,I,,07,09,AT,240,,,,9ARTS2,,0,0,,,,,N,
9ARTS3,AT,ART,,09,1,,I,,07,09,AT,200,,,,9ARTS3,,0,0,,,,,N,
9ARTS4,AT,ART,,09,1,,I,,07,09,AT,200,,,,9ARTS4,,0,0,,,,,N,
9ARTSI,AT,SPECIAL INTEREST ART,,09,2,,I,,07,09,AT,,,,,9ARTSI,,0,0,,,,,N,
9CARE,AD,CARE GROUP,,09,4,,O,,09,09,HQ,100,,,,9CARE,,0,0,,,,,N,
9CHI,LE,CHINESE,,09,4,,O,,02,09,CI,,,,,,,0,0,,,,,N,
9CHIF,LE,CHINESE FULL,,09,2,,I,,02,09,CI,,,,,,,0,0,,,,,N,
9CHIH,LE,CHINESE HALF,,09,2,,I,,02,09,CI,,,,,,,0,0,,,,,N,
9CONS2,TS,CONS TECH,,09,1,,I,,08,09,TS,240,,,,9CONS2,,0,0,,,,,N,
9COTS1,TS,CONS TECH,,09,1,,I,,08,09,TS,240,,,,9COTS1,,0,0,,,,,N,
9COTS2,TS,CONS TECH,,09,1,,I,,09,09,TS,240,,,,9COTS2,,0,0,,,,,N,
9COTS3,TS,CONS TECH,,09,1,,I,,08,09,TS,200,,,,9COTS3,,0,0,,,,,N,
9COTS4,TS,CONS TECH,,09,1,,I,,08,09,TS,200,,,,9COTS4,,0,0,,,,,N,
9CR8FD,IT,CREATIVE FOOD FOR LIFE,,09,2,,O,,04,09,FH,,,,,,,0,0,,,,,N,
9DAN,AT,DANCE,,09,2,,O,,07,09,DA,,,,,,,0,0,,,,,N,
9DANS,AT,DANCE,,09,2,,I,,07,09,DA,,,,,,,0,0,,,,,N,
9DANS1,AT,DANCE,,09,2,,I,,07,09,DA,240,,,,9DANS1,,0,0,,,,,N,
9DANS2,AT,DANCE,,09,2,,I,,07,09,DA,240,,,,9DANS2,,0,0,,,,,N,
9DANS3,AT,DANCE,,09,1,,I,,07,09,DA,200,,,,9DANS3,,0,0,,,,,N,
9DANS4,AT,DANCE,,09,1,,I,,07,09,DA,200,,,,9DANS4,,0,0,,,,,N,
9DDNA,IT,DIGITAL DESIGN A,,09,2,,I,,08,09,IF,,,,,,,0,0,,,,,N,
9DDNB,IT,DIGITAL DESIGN B,,09,2,,I,,08,09,IF,,,,,,,0,0,,,,,N,
9DESS1,AT,DESIGN,,09,1,,I,,07,09,DE,240,,,,9DESS1,,0,0,,,,,N,
9DESS2,AT,DESIGN,,09,1,,I,,07,09,DE,240,,,,9DESS2,,0,0,,,,,N,
9DESS3,AT,DESIGN,,09,1,,I,,07,09,DE,200,,,,9DESS3,,0,0,,,,,N,
9DESS4,AT,DESIGN,,09,1,,I,,07,09,DE,200,,,,9DESS4,,0,0,,,,,N,
9DGP,IT,DIGITAL GRAPHICS,,09,2,,O,,08,09,ET,,,,,,,0,0,,,,,N,
9DIMS1,AT,DIGITAL MUSIC,,09,1,,I,,07,09,MU,240,,,,9DIMS1,,0,0,,,,,N,
9DIMS2,AT,DIGITAL MUSIC,,09,1,,I,,07,09,MU,240,,,,9DIMS2,,0,0,,,,,N,
9DIMS3,AT,DIGITAL MUSIC,,09,1,,I,,07,09,MU,200,,,,9DIMS3,,0,0,,,,,N,
9DIMS4,AT,DIGITAL MUSIC,,09,1,,I,,07,09,MU,200,,,,9DIMS4,,0,0,,,,,N,
9DRA,AT,DRAMA,,09,2,,O,,07,09,DR,,,,,9DRA,,0,0,,,,,N,
9DRAS,AT,DRAMA,,09,2,,I,,07,09,DR,,,,,,,0,0,,,,,N,
9DRAS1,AT,DRAMA,,09,2,,I,,07,09,DR,240,,,,9DRAS1,,0,0,,,,,N,
9DRAS2,AT,DRAMA,,09,1,,I,,07,09,DR,240,,,,9DRAS2,,0,0,,,,,N,
9DRAS3,AT,DRAMA,,09,1,,I,,07,09,DR,200,,,,9DRAS3,,0,0,,,,,N,
9DRAS4,AT,DRAMA,,09,1,,I,,07,09,DR,200,,,,9DRAS4,,0,0,,,,,N,
9DTE,IT,DIGITAL TECHNOLOGY,,09,2,,O,,09,09,ET,,,,,,,0,0,,,,,N,
9DTEA,IT,DIGITAL TECHNOLOGY A,,09,2,,I,,08,09,ET,,,,,,,0,0,,,,,N,
9DTEB,IT,DIGITAL TECHNOLOGY B,,09,2,,I,,08,09,ET,,,,,,,0,0,,,,,N,
9EALA,ED,ENGLISH AS AN ADDITIONAL LANG A,,09,4,,O,,01,09,TX,,,,,,,0,0,,,,,N,
9EALB,ED,ENGLISH AS AN ADDITIONAL LANG B,,09,4,,O,,01,09,TX,,,,,,,0,0,,,,,N,
9ENG,EG,ENGLISH,,09,4,,I,,01,09,EG,,,,,,,0,0,,,,,N,
9ENG1,EG,ENGLISH,,09,2,,I,,01,09,EG,240,,,,9ENG1,,0,0,,,,,N,
9ENGL,EG,ENGLISH,,09,4,,O,,01,09,EG,,,,,,,0,0,,,,,N,
9ENGO,EG,ENGLISH,,09,4,,O,,01,09,EG,,,,,,,0,0,,,,,N,
9ENGP,EG,ENGLISH,,09,4,,O,,01,09,EG,,,,,,,0,0,,,,,N,
9ENGTEC,IT,ENGINEERING TECH,,09,2,,,,08,09,ET,,,,,,,0,0,,,,,N,
9ENGX,EG,ENGLISH,,09,4,,I,,01,09,EG,,,,,9ENGX,,0,0,,,,,N,
9ENGY,EG,ENGLISH,,09,4,,I,,01,09,EG,,,,,,,0,0,,,,,N,
9ENGZ,EG,ENGLISH,,09,4,,I,,01,09,EG,,,,,,,0,0,,,,,N,
9ESL,ED,ENGLISH AS A SECOND LANGUAGE PHASE 4/5,,09,4,,I,,01,09,EG,,,,,9ESL,,0,0,,,,,N,
9ESL1,ED,ENGLISH AS A SECOND LANGUAGE,,09,4,,I,,01,09,EG,240,,,,9ESL1,,0,0,,,,,N,
9ESLA,ED,ENGLISH AS A SECOND LANGUAGE A,,09,4,,I,,01,09,TX,,,,,,,0,0,,,,,N,
9ESLB,ED,ENGLISH AS A SECOND LANGUAGE B,,09,4,,I,,01,09,TX,,,,,,,0,0,,,,,N,
9ESLEA,ED,ENGLISH AS A SECOND LANGUAGE A,,09,4,,I,,01,09,TX,,,,,,,0,0,,,,,N,
9ESLEB,ED,ENGLISH AS A SECOND LANGUAGE B,,09,4,,I,,01,09,TX,,,,,,,0,0,,,,,N,
9FOD,IT,FOOD AND NUTRITION,,09,2,,O,,04,09,HE,,,,,,,0,0,,,,,N,
9GER1,LE,GERMAN,,09,2,,I,,02,09,GM,240,,,,9GER1,,0,0,,,,,N,
9GERH,LE,GERMAN HALF,,09,2,,I,,02,09,GM,,,,,9GERH,,0,0,,,,,N,
9GEX1,LE,GERMAN EXTENSION,,09,2,,I,,02,09,GM,240,,,,9GEX1,,0,0,,,,,N,
9GRK1,LE,GREEK,,09,2,,I,,02,09,GK,240,,,,9GRK1,,0,0,,,,,N,
9GRKH,LE,GREEK HALF,,09,2,,I,,02,09,GK,,,,,9GRKH,,0,0,,,,,N,
9HEC,HE,FOOD,,09,2,,I,,04,09,HE,,,,,,,0,0,,,,,N,
9HEC1,HE,HOME EC,,09,2,,I,,08,09,HE,240,,,,9HEC1,,0,0,,,,,N,
9HEC2,HE,HOME EC,,09,2,,I,,04,09,HE,200,,,,9HEC2,,0,0,,,,,N,
9HECSI,HE,SPECIAL INTEREST HOME EC,,09,2,,I,,04,09,HE,,,,,9HECSI,,0,0,,,,,N,
9HPE,PE,HEALTH AND PHYSICAL EDUCATION,,09,4,,O,,04,09,PE,,,,,,,0,0,,,,,N,
9HPE1,PE,HEALTH AND PHYSICAL EDUCATION,,09,4,,I,,04,09,PE,240,,,,9HPE1,,0,0,,,,,N,
9HPE2,PE,PHYSICAL EDUCATION,,09,2,,I,,04,09,PE,200,,,,9HPE2,,0,0,,,,,N,
9HUM,SV,HUMANITIES,,09,4,,I,,06,09,SV,,,,,,,0,0,,,,,N,
9HUM2,SV,HUMANITIES 2,,09,1,,I,,06,09,SV,,,,,,,0,0,,,,,N,
9HUME,SV,HUMANITIES,,09,4,,O,,06,09,SV,,,,,,,0,0,,,,,N,
9HUML,SV,HUMANITIES,,09,4,,O,,06,09,SV,,,,,,,0,0,,,,,N,
9HUMO,SV,HUMANITIES,,09,4,,O,,06,09,SV,,,,,,,0,0,,,,,N,
9HUMP,SV,HUMANITIES,,09,4,,O,,06,09,SV,,,,,,,0,0,,,,,N,
9HUMX,SV,HUMANITIES,,09,4,,I,,06,09,SV,,,,,,,0,0,,,,,N,
9HUMY,SV,HUMANITIES,,09,4,,I,,06,09,SV,,,,,,,0,0,,,,,N,
9HUMZ,SV,HUMANITIES,,09,4,,I,,06,09,SV,,,,,,,0,0,,,,,N,
9ICT,IT,COMPUTING,,09,1,,I,,08,09,IF,,,,,9ICT,,0,0,,,,,N,
9ITA,LE,ITALIAN,,09,4,,O,,02,09,IT,,,,,,,0,0,,,,,N,
9ITA1,LE,ITALIAN,,09,2,,I,,02,09,IT,240,,,,9ITA1,,0,0,,,,,N,
9ITAF,LE,ITALIAN FULL,,09,2,,I,,02,09,IT,,,,,,,0,0,,,,,N,
9ITAH,LE,ITALIAN HALF,,09,2,,I,,02,09,IT,,,,,9ITAH,,0,0,,,,,N,
9ITAPH,LE,ITALIAN PHASE 1,,09,2,,I,,02,09,IT,,,,,,,0,0,,,,,N,
9ITX1,LE,ITALIAN EXTENSION,,09,2,,I,,02,09,IT,240,,,,9ITX1,,0,0,,,,,N,
9JAP1,LE,JAPANESE,,09,2,,I,,02,09,JA,,,,,9JAP1,,0,0,,,,,N,
9JAPF,LE,JAPANESE FULL,,09,2,,I,,02,09,JA,,,,,,,0,0,,,,,N,
9JAPH,LE,JAPANESE HALF,,09,2,,I,,02,09,JA,,,,,9JAPH,,0,0,,,,,N,
9KAU,LE,KAURNA,,09,2,,I,,02,09,AB,,,,,9KAU,,0,0,,,,,N,
9KAU1,LE,KAURNA,,09,2,,I,,02,09,AV,,,,,9KAU1,,0,0,,,,,N,
9LIT,EG,LITERACY,,09,4,,I,,01,09,EG,,,,,,,0,0,,,,,N,
9LITAF,EG,LITERACY,,09,4,,O,,01,08,EG,,,,,,,0,0,,,,,N,
9LITCOACH,CC,LITERACY COACHING,,09,,,,,09,09,MS,,,,,,,0,0,,,,,N,
9LITE,EG,ESL LITERACY,,09,4,,I,,01,09,EG,,,,,,,0,0,,,,,N,
9LITP,EG,LITERACY,,09,4,,O,,01,09,EG,,,,,,,0,0,,,,,N,
9LITT,LS,LEARNING SUPPORT,,09,4,,I,,02,09,EG,,,,,,,0,0,,,,,N,
9LITY,EG,LITERACY,,09,4,,I,,01,09,EG,,,,,,,0,0,,,,,N,
9LITZ,EG,LITERACY,,09,4,,I,,01,09,EG,,,,,,,0,0,,,,,N,
9LNKLIT,EG,LINK LITERACY,,09,2,,I,,01,09,EG,,,,,,,0,0,,,,,N,
9LNKMA,MA,LINK MATHS,,09,2,,I,,03,09,MA,,,,,9LNKMA,,0,0,,,,,N,
9LNKSCI,SC,LINK SCIENCE,,09,2,,I,,05,09,SC,,,,,,,0,0,,,,,N,
9LNSP,LS,LEARNING SUPPORT,,09,4,,O,,02,09,EG,,,,,,,0,0,,,,,N,
9MDNM,IT,METALWORK,,09,2,,O,,08,09,DT,,,,,,,0,0,,,,,N,
9MDNW,IT,WOODWORK,,09,2,,O,,08,09,DT,,,,,,,0,0,,,,,N,
9METS1,TS,METALWORK,,09,2,,I,,08,09,MW,240,,,,9METS1,,0,0,,,,,N,
9METS2,TS,METALWORK,,09,1,,I,,08,09,MW,240,,,,9METS2,,0,0,,,,,N,
9METS3,TS,METALWORK,,09,1,,I,,08,09,MW,200,,,,9METS3,,0,0,,,,,N,
9METS4,TS,METALWORK,,09,1,,I,,08,09,MW,200,,,,9METS4,,0,0,,,,,N,
9MKT,IT,MAKERS TECH,,09,2,,O,,08,09,MS,,,,,,,0,0,,,,,N,
9MME,IT,DIGITAL MEDIA,,09,2,,I,,08,09,ME,,,,,9MME,,0,0,,,,,N,
9MMES1,AT,MULTI MEDIA,,09,2,,I,,07,09,CP,240,,,,9MMES1,,0,0,,,,,N,
9MMES2,AT,MULTI MEDIA,,09,1,,I,,07,09,CP,240,,,,9MMES2,,0,0,,,,,N,
9MMES3,AT,MULTIMEDIA,,09,1,,I,,07,09,CP,200,,,,9MMES3,,0,0,,,,,N,
9MMES4,AT,MULTIMEDIA,,09,1,,I,,07,09,CP,200,,,,9MMES4,,0,0,,,,,N,
9MMESI,IT,SPECIAL INTEREST MULTIMEDIA,,09,2,,I,,07,09,CP,,,,,9MMESI,,0,0,,,,,N,
9MTH,MA,MATHEMATICS,,09,4,,I,,03,09,MA,,,,,9MTH,,0,0,,,,,N,
9MTH1,MA,MATHEMATICS,,09,2,,I,,03,09,MA,240,,,,9MTH1,,0,0,,,,,N,
9MTHE,MA,MATHEMATICS,,09,4,,O,,03,09,MA,,,,,,,0,0,,,,,N,
9MTHG,MA,MATHS,,09,2,,I,,03,09,MA,,,,,9MTHG,,0,0,,,,,N,
9MTHL,MA,MATHEMATICS,,09,4,,O,,03,09,MA,,,,,,,0,0,,,,,N,
9MTHO,MA,MATHEMATICS,,09,4,,O,,03,09,MA,,,,,,,0,0,,,,,N,
9MTHP,MA,MATHEMATICS,,09,4,,O,,03,09,MA,,,,,,,0,0,,,,,N,
9MTHX,MA,MATHEMATICS,,09,4,,I,,03,09,MA,,,,,9MTHX,,0,0,,,,,N,
9MTHY,MA,MATHEMATICS,,09,4,,I,,03,09,MA,,,,,,,0,0,,,,,N,
9MTHZ,MA,MATHEMATICS,,09,4,,I,,03,09,MA,,,,,,,0,0,,,,,N,
9MUS,AT,MUSIC,,09,2,,O,,07,09,MU,,,,,9MUS,,0,0,,,,,N,
9MUS1,AT,MUSIC HALF,,09,2,,I,,07,09,MU,,,,,,,0,0,,,,,N,
9MUS2,AT,MUSIC,,09,2,,I,,07,09,MU,,,,,,,0,0,,,,,N,
9MUSA,AT,MUSIC A,,09,2,,I,,07,09,MU,,,,,,,0,0,,,,,N,
9MUSB,AT,MUSIC B,,09,2,,I,,07,09,MU,,,,,,,0,0,,,,,N,
9MUSF,AT,MUSIC (FULL YEAR),,09,2,,I,,07,09,MU,,,,,9MUSF,,0,0,,,,,N,
9MUSH,AT,MUSIC HALF,,09,2,,I,,07,09,MU,,,,,9MUS,,0,0,,,,,N,
9MUSS1,AT,MUSIC,,09,2,,I,,07,09,MU,240,,,,9MUSS1,,0,0,,,,,N,
9MUSS2,AT,MUSIC,,09,1,,I,,07,09,MU,240,,,,9MUSS2,,0,0,,,,,N,
9MUSS3,AT,MUSIC,,09,1,,I,,07,09,MU,200,,,,9MUSS3,,0,0,,,,,N,
9MUSS4,AT,MUSIC,,09,1,,I,,07,09,MU,200,,,,9MUSS4,,0,0,,,,,N,
9MUSSI,AT,SPECIAL INTEREST MUSIC,,09,2,,I,,07,09,MU,,,,,,,0,0,,,,,N,
9MWK,TS,METALWORK,,09,2,,I,,08,09,DT,,,,,9MWK,,0,0,,,,,N,
9NLIT,CC,NUMERACY/LITERACY,,09,2,,,,09,09,ZZ,,,,,,,0,0,,,,,N,
9PD,CC,PERSONAL DEVELOPMENT,,09,4,,I,,09,09,HQ,,,,,,,0,0,,,,,N,
9PDV,CC,PERSONAL DEVELOPMENT,,09,4,,O,,09,09,MM,,,,,,,0,0,,,,,N,
9PED,PE,PHYSICAL EDUCATION,,09,2,,O,,04,09,PE,,,,,,,0,0,,,,,N,
9PED1,PE,PHYSICAL EDUCATION,PE,09,2,,O,,04,09,PE,,,,,9PED1,,0,0,,,,,N,
9PED2,PE,PHYSICAL EDUCATION,PE,09,2,,O,,04,09,PE,,,,,9PED2,,0,0,,,,,N,
9PERF,AT,PERFORMING ARTS,,09,1,,I,,07,09,ZD,,,,,,,0,0,,,,,N,
9PESI,PE,SPECIAL INTEREST PHYSICAL EDUCATION,,09,2,,I,,04,09,PE,,,,,9PESI,,0,0,,,,,N,
9PHE,PE,PHYSICAL AND HEALTH EDUCATION,,09,2,,O,,04,09,PE,,,,,,,0,0,,,,,N,
9PLP,CC,PERSONAL LEARNING PLAN,,09,4,,I,,09,09,MM,,,,,,,0,0,,,,,N,
9RBT,IT,ROBOTICS,,09,2,,O,,08,09,ET,,,,,,,0,0,,,,,N,
9SCI,SC,SCIENCE,,09,4,,I,,05,09,SC,,,,,,,0,0,,,,,N,
9SCI1,SC,SCIENCE,,09,2,,I,,05,09,SC,240,,,,9SCI1,,0,0,,,,,N,
9SCIE,SC,SCIENCE,,09,4,,O,,05,09,SC,,,,,,,0,0,,,,,N,
9SCIG,SC,SCIENCE,,09,2,,I,,05,09,SC,,,,,,,0,0,,,,,N,
9SCIL,SC,SCIENCE,,09,4,,O,,05,09,SC,,,,,,,0,0,,,,,N,
9SCIO,SC,SCIENCE,,09,4,,O,,05,09,SC,,,,,,,0,0,,,,,N,
9SCIP,SC,SCIENCE,,09,4,,O,,05,09,SC,,,,,,,0,0,,,,,N,
9SCIX,SC,SCIENCE,,09,4,,I,,05,09,SC,,,,,9SCIX,,0,0,,,,,N,
9SCIY,SC,SCIENCE,,09,4,,I,,05,09,SC,,,,,,,0,0,,,,,N,
9SCIZ,SC,SCIENCE,,09,4,,I,,05,09,SC,,,,,,,0,0,,,,,N,
9SOS,SV,HUMANITIES,,09,2,,I,,06,09,SV,,,,,,,0,0,,,,,N,
9SOS1,SV,HUMANITIES,,09,2,,I,,06,09,SV,240,,,,9SOS1,,0,0,,,,,N,
9SOSELEC1,SV,SOSE DOLPHINS,,09,1,,I,,06,09,SV,,,,,9SOSELEC1,,0,0,,,,,N,
9SOSELEC2,SV,SOSE BONSAI,,09,1,,I,,06,09,SV,,,,,9SOSELEC2,,0,0,,,,,N,
9SOSELEC3,SV,SOSE FLY,,09,1,,I,,06,09,SV,,,,,9SOSELEC3,,0,0,,,,,N,
9SOSELEC4,SV,SOSE HOLDENS,,09,1,,I,,06,09,SV,,,,,9SOSELEC4,,0,0,,,,,N,
9SOSELEC5,SV,SOSE POLITICS,,09,1,,I,,06,09,SV,,,,,9SOSELEC5,,0,0,,,,,N,
9SOSELEC6,SV,SOSE PANDEMONIUM,,09,1,,I,,06,09,SV,,,,,9SOSELEC6,,0,0,,,,,N,
9SOSELEC7,SV,SOSE FOOD,,09,1,,I,,06,09,SV,,,,,9SOSELEC7,,0,0,,,,,N,
9TECS,TS,SPECIAL INTEREST TECH STUDIES,,09,2,,I,,08,09,TS,,,,,9TECS,,0,0,,,,,N,
9THDSI,AT,SPECIAL INTEREST THEATRE DESIGN,,09,2,,I,,07,09,DR,,,,,,,0,0,,,,,N,
9TUT,CC,TUTORING,,09,2,,I,,09,09,MS,,,,,,,0,0,,,,,N,
9TXT,HE,TEXTILES,,09,2,,I,,04,09,HE,,,,,,,0,0,,,,,N,
9TXT1,HE,TEXTILES,TEXTILES,09,2,,I,,08,09,CT,,,,,9TXT1,,0,0,,,,,N,
9WWK,TS,WOODWORK,,09,2,,I,,08,09,DT,,,,,,,0,0,,,,,N,
9WWK1,TS,WOODWORK,WW,09,2,,I,,08,09,WW,,,,,9WWK1,,0,0,,,,,N,
AACAD,AB,SAASTA ACADEMY,,11,,,,,09,11,ZV,,,,,,,0,0,,,,,N,
ABED,LE,ABORIGINAL EDUCATION,,08,,,,,02,08,AN,,,,,,,0,0,,,,,N,
ACADFOOT,AB,FOOTY ACADEMY,,12,,,,,09,12,PE,,,,,,,0,0,,,,,N,
ACADNET,AB,NETBALL ACADEMY,,12,,,,,09,12,PE,,,,,,,0,0,,,,,N,
AFLACAD,AB,AFL ACADEMY,,12,,,,,04,12,HQ,,,,,,,0,0,,,,,N,
ART,YD,ART ROOM 3,,SR,,,,,09,SR,MS,,,,,,,0,0,,,,,N,
COMLEARN,VE,COMMUNITY LEARNING,,11,,,,,09,11,ZV,,,,,,,0,0,,,,,N,
COMP,CC,COM PATHWAY,,11,,,,,09,11,ZZ,,,,,,,0,0,,,,,N,
D2CCARE,VE,REGIONAL D2C CARE,,11,,,,,09,11,ZV,,,,,,,0,0,,,,,N,
DRUM,AT,DRUM LESSONS,,08,1,,I,,09,08,MI,,,,,,,0,0,,,,,N,
ENGSUP,EG,ENGLISH SUPPORT,,12,,,,,01,12,EG,,,,,,,0,0,,,,,N,
ESLSPPT,CC,ESL SUPPORT,,08,,,,,09,08,ZZ,,,,,,,0,0,,,,,N,
ESMA,MA,ESSENTIAL MATHS,,12,,,,,03,12,MA,,,,,,,0,0,,,,,N,
FITNESS,YD,TABLE TENNIS,,SR,,,,,09,SR,MS,,,,,,,0,0,,,,,N,
FLO,CC,FLEXIBLE LEARNING OPTIONS,,SR,4,,O,,09,SR,MS,,,,,,,0,0,,,,,N,
FLOCARE,AD,FLEXIBLE LEARNING OPTIONS CARE,,10,4,,I,,09,10,MS,,,,,FLOCARE,,0,0,,,,,N,
FORMAL,CC,FORMAL,,10,,,,,09,12,ZV,,,,,,,0,0,,,,,N,
FRENCH,SN,FRENCH OPEN ACCESS,,12,,,,,02,12,FR,,,,,,,0,0,,,,,N,
GRGOFF,AD,GREGORYS OFFICE,,09,,,,,09,09,MS,,,,,,,0,0,,,,,N,
HW CLUB,AD,HOMEWORK CLUB,,08,,,,,10,08,MS,,,,,,,0,0,,,,,N,
INEDSU,IN,INCLUSIVE ED SUPPORT,,11,,,,,10,11,ZV,,,,,,,0,0,,,,,N,
ISJART,SP,ART,,09,,,I,,07,09,AT,,,,,ISJART,,0,0,,,,,N,
ISJBG,SP,BOYS GROUP,,09,,,I,,09,09,ZZ,,,,,ISJBG,,0,0,,,,,N,
ISJHEA,SP,HEALTH,,09,,,I,,04,09,HA,,,,,ISJHEA,,0,0,,,,,N,
ISJLANA,SP,LANGUAGE A,,09,,,I,,02,09,LS,,,,,ISJLANB,,0,0,,,,,N,
ISJLANB,SP,LANGUAGE B,,09,,,I,,02,09,LS,,,,,ISJLANB,,0,0,,,,,N,
ISJMA,SP,MATHEMATICS,,09,,,I,,03,09,MA,,,,,ISJMA,,0,0,,,,,N,
ISJMM,SP,MULTIMEDIA,,09,,,I,,08,09,CP,,,,,ISJMM,,0,0,,,,,N,
ISJPE,SP,PHYSICAL EDUCATION,,09,,,I,,09,09,PE,,,,,SJPE,,0,0,,,,,N,
ISJSC,SP,SCIENCE,,09,,,I,,07,09,SC,,,,,ISJSC,,0,0,,,,,N,
ISJSE,SP,SOCIETY AND ENVIRONMENT,,09,,,I,,06,09,SV,,,,,ISJSE,,0,0,,,,,N,
ISJTS,SP,TECHNOLOGY,,09,,,I,,08,09,TS,,,,,ISJTS,,0,0,,,,,N,
ISJUAT,SP,ART,,09,,,I,,07,09,AT,,,,,ISJUAT,,0,0,,,,,N,
ISJUBG,SP,BOYS GROUP,,09,,,I,,09,09,ZZ,,,,,ISJUBG,,0,0,,,,,N,
ISJUIT,SP,INFORMATION TECHNOLOGY,,09,,,I,,08,09,CP,,,,,ISJUIT,,0,0,,,,,N,
ISJULANB,SP,LANGUAGE B,,09,,,I,,02,09,LS,,,,,ISJULANB,,0,0,,,,,N,
ISJUMU,SP,MUSIC,,09,,,I,,03,09,MU,,,,,ISJUMU,,0,0,,,,,N,
ISJUPE,SP,PHYSICAL EDUCATION,,09,,,I,,04,09,PE,,,,,ISJUPE,,0,0,,,,,N,
ISJUSE,SP,SOCIETY AND ENVIRONMENT,,09,,,I,,06,09,SV,,,,,ISJUSE,,0,0,,,,,N,
ISMBG,SP,BOYS AND GIRLS GROUP,,10,,,I,,09,10,ZZ,,,,,ISMBG,,0,0,,,,,N,
ISSUBG,SP,BOYS AND GIRLS GROUP,,11,,,I,,09,11,ZZ,,,,,ISSUBG,,0,0,,,,,N,
LINK,CC,LINK LEARNING,,08,,,,,09,08,ZZ,,,,,,,0,0,,,,,N,
LITCAFE,EG,LITERACY CAFE,,09,,,,,01,09,MS,,,,,,,0,0,,,,,N,
LLI,IN,LLI,,08,,,,,09,08,ZV,,,,,,,0,0,,,,,N,
LSUP,LS,LEARNING SUPPORT,,11,4,,O,,09,11,ZV,,,,,,,0,0,,,,,N,
MAILVET,VE,,,11,,,,,09,11,ZV,,,,,,,0,0,,,,,N,
MAMETH,MA,MATHEMATICAL METHODS,,12,,,,,03,12,MA,,,,,,,0,0,,,,,N,
MASJCARE,VE,D2C CARE,,11,,,,,09,11,ZV,,,,,,,0,0,,,,,N,
MOPUP,VE,MOP UP MAILING LIST,,12,,,,,09,12,ZV,,,,,,,0,0,,,,,N,
NEPSU,NP,NEP SUPPORT,,11,,,,,09,11,ZV,,,,,,,0,0,,,,,N,
NEPSUS2,NP,NEP SUPPORT SEM 2,,11,,,,,09,11,ZV,,,,,,,0,0,,,,,N,
NETACAD,AB,NETBALL ACADEMY,,12,,,,,04,12,PE,,,,,,,0,0,,,,,N,
PATROL,AD,PATROL,,10,4,,I,,09,10,MS,,,,,,,0,0,,,,,N,
PERS DEV,PD,PERSONAL DEVELOPMENT,,10,2,,I,,09,10,HQ,,,,,PERS DEV,,0,0,,,,,N,G
PHON,IN,PHONICS,PHON,08,,,,,09,08,ZV,,,,,,,0,0,,,,,N,
PYIMHS,SC,PHYSICS/METHODS,,12,,,,,05,12,SC,,,,,,,0,0,,,,,N,
SC1ART,SP,ART,,11,2,,,,07,11,AT,,,,,,,0,0,,,,,N,
SC1ART2,SP,VISUAL ART,,08,,,,,07,08,AT,,,,,,,0,0,,,,,N,
SC1ARTS,SP,MUSIC/DRAMA,,09,2,,O,,07,09,AT,,,,,,,0,0,,,,,N,
SC1DT,SP,TECHNOLOGY,,09,2,,O,,08,09,IF,,,,,,,0,0,,,,,N,
SC1ENG,SP,ENGLISH,,09,2,,O,,01,09,EG,,,,,,,0,0,,,,,N,
SC1FD,SP,FOOD,,09,2,,O,,08,09,FH,,,,,,,0,0,,,,,N,
SC1HUM,SP,HUMANITIES,,09,2,,O,,06,09,SV,,,,,,,0,0,,,,,N,N
SC1MTH,SP,MATHS,,09,2,,O,,03,09,MA,,,,,,,0,0,,,,,N,
SC1MUS,SP,MUSIC,,11,2,,O,,07,11,MU,,,,,,,0,0,,,,,N,
SC1SCI,SP,SCIENCE,,08,2,,O,,05,08,SC,,,,,,,0,0,,,,,N,
SC2ART,SP,ART,,11,2,,,,07,11,AT,,,,,,,0,0,,,,,N,
SC2ARTS,SP,CREATIVE ARTS,,11,2,,,,07,11,AT,,,,,,,0,0,,,,,N,
SC2BE,SP,BUSINESS & ENTERPRISE,,11,2,,,,06,11,BS,,,,,,,0,0,,,,,N,
SC2CD,SP,CROSS DISCIPLINARY,,11,2,,O,,09,11,ZV,,,,,,,0,0,,,,,N,
SC2DT,SP,DIGITAL TECHNOLOGY,,10,,,,,08,10,DT,,,,,,,0,0,,,,,N,
SC2ENG,SP,ENGLISH,,11,2,,O,,01,11,EG,,,,,,,0,0,,,,,N,
SC2FOODT,SP,FOOD TECHNOLOGY,,10,,,,,08,10,FH,,,,,0FOD,,0,0,,,,,N,
SC2HE,SP,HEALTH,,11,2,,O,,04,11,HA,,,,,,,0,0,,,,,N,
SC2HUM,SP,HUMANITIES,,11,2,,O,,06,11,SV,,,,,,,0,0,,,,,N,
SC2MTH,SP,MATHS,,11,2,,O,,03,11,MA,,,,,,,0,0,,,,,N,
SC2MUS,SP,MUSIC,,11,2,,O,,07,11,MU,,,,,,,0,0,,,,,N,
SC2RP,SP,RESEARCH PROJECT,,12,2,,O,,09,12,ZV,,,,,,,0,0,,,,,N,
SC2SC,SP,SOCIETY & CULTURE,,11,2,,O,,06,11,SS,,,,,,,0,0,,,,,N,
SC2SCI,SP,SCIENCE,,11,2,,O,,05,11,SC,,,,,,,0,0,,,,,N,
SC3ARTS,SP,ARTS,,11,2,,O,,07,11,AT,,,,,,,0,0,,,,,N,
SC3BI,SP,BUSINESS & INNOVATION,,11,2,,O,,06,11,BS,,,,,,,0,0,,,,,N,
SC3CD,SP,CROSS DISCIPLINARY STUDIES,,11,2,,O,,09,11,ZV,,,,,,,0,0,,,,,N,
SC3ENG,SP,ENGLISH,,11,2,,O,,01,11,EG,,,,,,,0,0,,,,,N,
SC3MTH,SP,MATHEMATICS,,11,2,,O,,03,11,MA,,,,,,,0,0,,,,,N,
SC3SC,SP,SOCIETY & CULTURE,,11,2,,O,,06,11,SV,,,,,,,0,0,,,,,N,
SJ1,SP,SJ1,,08,2,,I,,09,08,MS,,,,,,,0,0,,,,,N,
SJ2,SP,SJ2,,08,2,,I,,08,08,MS,,,,,,,0,0,,,,,N,
SJ3,SP,SJ3,,08,2,,I,,09,09,MS,,,,,,,0,0,,,,,N,
SJ4,SP,SJ4,,08,2,,I,,09,09,MS,,,,,,,0,0,,,,,N,
SJ6,SP,SJ6,,08,2,,I,,09,08,MS,,,,,,,0,0,,,,,N,
SJ7,SP,SJ7,,08,2,,I,,09,08,MS,,,,,,,0,0,,,,,N,
SJAT,SP,CREATIVE ARTS,,09,2,,O,,07,09,DE,,,,,SJAT,,0,0,,,,,N,
SJAUS,SP,AUSLAN,,09,2,,I,,02,09,ZL,,,,,,,0,0,,,,,N,
SJBG,SP,BOYS GROUP,,09,2,,I,,09,09,ZZ,,,,,SJBG,,0,0,,,,,N,
SJCA,SP,COMMUNITY LEARNING,,09,2,,I,,09,09,ZZ,,,,,SJCA,,0,0,,,,,N,
SJCOM,SP,COMMUNICATIONS,,09,2,,I,,09,09,EG,,,,,,,0,0,,,,,N,
SJCS,SP,CULTURAL STUDIES,,09,2,,I,,09,09,ZZ,,,,,SJCS,,0,0,,,,,N,
SJDA,SP,DANCE,,09,2,,I,,07,09,DA,,,,,,,0,0,,,,,N,
SJDDN,SP,DIGITAL DESIGN,,09,2,,I,,08,09,IF,,,,,,,0,0,,,,,N,
SJDE,SP,DUKE OF EDINBURGH,,09,2,,I,,09,09,MM,,,,,,,0,0,,,,,N,
SJDN,SP,DESIGN TECHNOLOGY,,09,2,,O,,07,09,DE,,,,,,,0,0,,,,,N,
SJDR,SP,DRAMA,,09,2,,I,,09,09,DR,,,,,,,0,0,,,,,N,
SJDT,SP,DIGITAL TECHNOLOGY,,09,2,,I,,08,09,IF,,,,,,,0,0,,,,,N,
SJEG,SP,ENGLISH,,09,2,,O,,01,09,EG,,,,,SJEG,,0,0,,,,,N,
SJENG,SP,ENGLISH,,09,2,,I,,01,09,EG,,,,,,,0,0,,,,,N,
SJFD,SP,FOOD,,09,2,,O,,09,09,HE,,,,,,,0,0,,,,,N,
SJHE,SP,HEALTH,,09,2,,I,,04,09,HA,,,,,SJHE,,0,0,,,,,N,
SJHEA,SP,HEALTH,HEALTH,09,,,I,,04,09,HA,,,,,SJHEA,,0,0,,,,,N,
SJHO,SP,HORTICULTURE,,09,,,I,,05,09,AG,,,,,SJHO,,0,0,,,,,N,
SJHPE,SP,HEALTH AND PHYSICAL EDUCATION,,09,2,,I,,04,09,PE,,,,,,,0,0,,,,,N,
SJHUM,SP,HUMANITIES,,09,2,,O,,06,09,SV,,,,,,,0,0,,,,,N,
SJIT,SP,INFORMATION TECHNOLOGY,,09,2,,I,,08,09,IF,,,,,SJIT,,0,0,,,,,N,
SJLA,SP,LANGUAGE B,,09,2,,I,,02,09,LS,,,,,SJLA,,0,0,,,,,N,
SJLAA,SP,LANGUAGE A,,09,2,,I,,02,09,ZL,,,,,SJLAA,,0,0,,,,,N,
SJLAB,SP,SIGN,,09,,,I,,02,09,LS,,,,,SJLAB,,0,0,,,,,N,
SJLI,SP,LITERACY,,09,2,,I,,01,09,EG,,,,,,,0,0,,,,,N,
SJLIT,SP,LITERACY,,09,2,,I,,09,09,EG,,,,,,,0,0,,,,,N,
SJMA,SP,MATHEMATICS,,09,2,,O,,03,09,MA,,,,,SJMA,,0,0,,,,,N,
SJMM,SP,MULTIMEDIA,MM,09,,,I,,08,09,CP,,,,,SJMM,,0,0,,,,,N,
SJMTH,SP,MATHEMATICS,,09,2,,I,,03,09,MA,,,,,,,0,0,,,,,N,
SJMU,SP,MUSIC,,09,2,,I,,09,09,MU,,,,,,,0,0,,,,,N,
SJNU,SP,NUMERACY,,09,2,,I,,03,09,MA,,,,,,,0,0,,,,,N,
SJNUM,SP,NUMERACY,,09,2,,I,,09,09,MA,,,,,,,0,0,,,,,N,
SJPA,SP,PHYSICAL ACTIVITY,,09,,,I,,04,09,PE,,,,,SJPA,,0,0,,,,,N,
SJPE,SP,PHYSICAL EDUCATION,,09,2,,I,,04,09,PE,,,,,SJPE,,0,0,,,,,N,
SJPERF,SP,PERFORMING ARTS,,08,2,,O,,07,08,ZD,,,,,,,0,0,,,,,N,
SJSC,SP,SCIENCE,,09,2,,O,,05,09,SC,,,,,,,0,0,,,,,N,
SJSCI,SP,SCIENCE,,09,2,,I,,05,09,SC,,,,,,,0,0,,,,,N,
SJSE,SP,HUMANITIES,,09,2,,I,,06,09,SV,,,,,SJSE,,0,0,,,,,N,
SJSI,SP,SCIENCE,,09,2,,I,,07,09,SC,,,,,SJSI,,0,0,,,,,N,
SJSIGN,SP,SIGN,,09,2,,I,,02,09,MS,,,,,,,0,0,,,,,N,
SJTS,SP,DESIGN TECHNOLOGY,,09,2,,I,,08,09,SZ,,,,,SJTS,,0,0,,,,,N,
SJU1,SP,SJU1,,08,2,,I,,09,09,MS,,,,,,,0,0,,,,,N,
SJU2,SP,SJU2,,08,2,,I,,09,08,MS,,,,,,,0,0,,,,,N,
SJU3,SP,SJU3,,08,2,,I,,09,08,MS,,,,,,,0,0,,,,,N,
SJU4,SP,SJU4,,08,2,,I,,09,08,MS,,,,,,,0,0,,,,,N,
SJU6,SP,SJU6,,08,2,,I,,09,08,MS,,,,,,,0,0,,,,,N,
SJU7,SP,SJU7,,08,2,,I,,09,08,MS,,,,,,,0,0,,,,,N,
SJUAR,SP,CREATIVE ARTS,,09,2,,O,,07,09,AT,,,,,SJUAR,,0,0,,,,,N,
SJUAT,SP,ART,,09,2,,I,,09,09,AT,,,,,,,0,0,,,,,N,
SJUAUS,SP,AUSLAN,,09,2,,I,,02,09,ZL,,,,,,,0,0,,,,,N,
SJUBG,SP,BOYS GROUP,,09,2,,I,,09,09,ZZ,,,,,SJUBG,,0,0,,,,,N,
SJUCO,SP,COMMUNITY LEARNING,,09,,,I,,09,09,ZZ,,,,,SJUCO,,0,0,,,,,N,
SJUCOM,SP,COMMUNICATIONS,,09,2,,I,,01,09,EG,,,,,,,0,0,,,,,N,
SJUCU,SP,CULTURAL STUDIES,,09,,,I,,06,09,SO,,,,,SJUCU,,0,0,,,,,N,
SJUDA,SP,DANCE,,09,2,,I,,07,09,DA,,,,,,,0,0,,,,,N,
SJUDE,SP,DUKE OF EDINBURGH,,09,2,,I,,09,09,MM,,,,,SJUDE,,0,0,,,,,N,
SJUDN,SP,DESIGN TECHNOLOGY,,09,2,,O,,07,09,DT,,,,,,,0,0,,,,,N,
SJUDR,SP,DRAMA,,09,2,,I,,09,09,DR,,,,,SJUDR,,0,0,,,,,N,
SJUDT,SP,DIGITAL TECHNOLOGY,,09,2,,I,,08,09,ET,,,,,,,0,0,,,,,N,
SJUEG,SP,ENGLISH,,09,2,,O,,01,09,EG,,,,,SJUEG,,0,0,,,,,N,
SJUENG,SP,ENGLISH,,09,2,,I,,01,09,EG,,,,,,,0,0,,,,,N,
SJUFD,SP,FOOD,,09,2,,O,,09,09,HE,,,,,SJUFD,,0,0,,,,,N,
SJUHE,SP,HEALTH,,09,2,,I,,04,09,HA,,,,,SJUHE,,0,0,,,,,N,
SJUHPE,SP,HEALTH AND PHYSICAL EDUCATION,,09,2,,I,,04,09,PE,,,,,,,0,0,,,,,N,
SJUHUM,SP,HUMANITIES,,09,2,,O,,09,09,SV,,,,,,,0,0,,,,,N,
SJUIT,SP,INFORMATION TEHNOLOGY,,09,2,,I,,08,09,IF,,,,,SJUIT,,0,0,,,,,N,
SJULA,SP,LANGUAGE B,,09,2,,I,,02,09,LS,,,,,SJULA,,0,0,,,,,N,
SJULAA,SP,LANGUAGE A,,09,2,,I,,02,09,ZL,,,,,SJULAA,,0,0,,,,,N,
SJULAB,SP,SIGN LANGUAGE (LANGUAGE B),,09,,,I,,02,09,LS,,,,,SJULAB,,0,0,,,,,N,
SJULS,SP,LIFE SKILLS,,09,2,,I,,09,09,HQ,,,,,,,0,0,,,,,N,
SJULT,SP,LITERACY,,09,2,,I,,01,09,EG,,,,,,,0,0,,,,,N,
SJUMA,SP,NUMERACY,,09,2,,I,,03,09,MA,,,,,SJUMA,,0,0,,,,,N,
SJUMM,SP,MULTIMEDIA,,09,,,I,,09,09,ZZ,,,,,SJUMM,,0,0,,,,,N,
SJUMTH,SP,MATHS,,09,2,,O,,03,09,MA,,,,,,,0,0,,,,,N,
SJUMU,SP,MUSIC,,09,2,,I,,03,09,MU,,,,,SJUMU,,0,0,,,,,N,
SJUMUS,SP,MUSIC,,09,2,,I,,09,09,MU,,,,,,,0,0,,,,,N,
SJUNU,SP,NUMERACY,,09,2,,I,,03,09,MA,,,,,,,0,0,,,,,N,
SJUPE,SP,PHYSICAL EDUCATION,,09,2,,I,,04,09,PE,,,,,SJUPE,,0,0,,,,,N,
SJUPERF,SP,PERFORMING ARTS,,09,2,,O,,07,09,ZD,,,,,,,0,0,,,,,N,
SJUSC,SP,SCIENCE,,09,2,,I,,05,09,SC,,,,,,,0,0,,,,,N,
SJUSCI,SP,SCIENCE,,09,2,,O,,09,09,SC,,,,,SJUSCI,,0,0,,,,,N,
SJUSCS,SP,SIGN,,09,2,,I,,09,09,SC,,,,,SJUSCS,,0,0,,,,,N,
SJUSE,SP,HUMANITIES,,09,4,,I,,06,09,SV,,,,,SJUSE,,0,0,,,,,N,
SJUSIGN,SP,SIGN,,09,2,,I,,02,09,MS,,,,,,,0,0,,,,,N,
SJUTC,SP,TAI CHI,,09,,,I,,04,09,ZZ,,,,,SJUTC,,0,0,,,,,N,
SJUTS,SP,TECHNOLOGY,,09,2,,I,,08,09,ZV,,,,,SJUTS,,0,0,,,,,N,
SJUWS,SP,WORK STUDIES,,09,,,I,,09,09,WD,,,,,SJUWS,,0,0,,,,,N,
SJWS,SP,WORK STUDIES,,09,,,I,,09,09,WD,,,,,SJWS,,0,0,,,,,N,
SM1,SP,SM1,,10,2,,I,,09,10,MS,,,,,,,0,0,,,,,N,
SM2,SP,SM2,,10,2,,I,,09,10,MS,,,,,,,0,0,,,,,N,
SM3,SP,SM3,,10,2,,I,,09,10,MS,,,,,,,0,0,,,,,N,
SM4,SP,SM4,,10,2,,I,,09,10,MS,,,,,,,0,0,,,,,N,
SM5,SP,SM5,,10,2,,I,,09,10,MS,,,,,,,0,0,,,,,N,
SM6,SP,SM6,,10,2,,I,,09,10,MS,,,,,,,0,0,,,,,N,
SM7,SP,SM7,,10,2,,I,,09,10,MS,,,,,,,0,0,,,,,N,
SMAG,SP,AGRICULTURE,,11,2,,,,05,11,AG,,1AHG10,1,10,,AHG,0,0,,,,,Y,G
SMAR,SP,ART,,10,2,,I,,07,10,AT,,,,,SMAR,,0,0,,,,,N,
SMART,SP,CREATIVE ART,,10,2,,O,,07,10,AT,,1CVM10,1,10,,CVM,0,0,,,,,Y,N
SMAT,SP,CREATIVE ARTS - STAGE 1,,10,2,,I,,07,10,DE,,1VAD20,1,20,SMAT,VAD,0,0,,,,,Y,G
SMBG,SP,BOYS AND GIRLS GROUP,,10,4,,I,,09,10,ZZ,,,,,SMBG,,0,0,,,,,N,
SMCOM,SP,COMMUNICATIONS,,10,2,,I,,01,10,EG,,,,,,,0,0,,,,,N,
SMCS,SP,COMMUNITY STUDIES,,11,2,,I,,09,11,CY,,1MMP10,1,10,,MMP,0,0,,,,,Y,G
SMDE,SP,DESIGN TECHNOLOGY,,10,2,,I,,09,10,DE,,1MMP10,1,10,,MMP,0,0,,,,,Y,G
SMEG,SP,LANG A/B,,10,,,I,,01,10,EG,,,,,SMEG,,0,0,,,,,N,
SMENG,SP,ENGLISH,,10,2,,O,,01,10,EG,,,,,,,0,0,,,,,N,
SMFD,SP,FOOD,,10,2,,I,,04,10,HE,,1ILG10,1,10,,ILG,0,0,,,,,Y,G
SMGG,SP,GIRLS GROUP,,10,2,,I,,09,10,ZZ,,,,,SMGG,,0,0,,,,,N,
SMHE,SP,HEALTH,,10,2,,O,,04,09,HA,,1HEM10,1,10,,HEM,0,0,,,,,Y,N
SMHPE,SP,HEALTH AND PHYSICAL EDUCATION,,10,2,,O,,04,10,PE,,,,,,,0,0,,,,,N,
SMHS,SP,HYDE STREET,,10,2,,I,,06,10,SV,,,,,SMHS,,0,0,,,,,N,
SMHUM,SP,SOCIETY AND CULTURE,,10,2,,O,,06,10,SV,,,,,,,0,0,,,,,N,
SMHY,SP,HYDE STREET,,11,2,,0,,09,09,ZV,,1ILG10,1,10,,ILG,0,0,,,,,Y,G
SMHYD,SP,HYDE STREET,,10,2,,O,,09,10,MS,,,,,,,0,0,,,,,N,
SMIL,SP,INTEGRATED LEARNING,,11,2,,I,,09,11,ZV,,1ILG10,1,10,SMIL,ILG,0,0,,,,,Y,G
SMIS,SP,COMMUNITY STUDIES,,10,2,,I,,09,10,CY,,,,,SMCS,,0,0,,,,,N,
SMIT,SP,INFORMATION TECHNOLOGY,,10,2,,I,,08,10,IF,,,,,SMIT,,0,0,,,,,N,
SMLA,SP,SIGN LANGUAGE,,10,2,,I,,09,10,MS,,,,,SMLA,,0,0,,,,,N,
SMLIT,SP,LITERACY AND WORK,,11,2,,,,01,11,ZY,,,,,,,0,0,,,,,N,
SMLT,SP,LITERACY,,11,2,,I,,01,11,EG,,1LWC10,1,10,,LWC,0,0,,,,,Y,G
SMMA,SP,MATHS,,11,2,,I,,03,10,MA,,,,,SMMA,,0,0,,,,,N,
SMMM,SP,MULTIMEDIA,,10,4,,I,,03,10,CP,,,,,SMMM,,0,0,,,,,N,
SMMP,SP,MATERIAL PRODUCTION,,11,,,,,09,11,ZZ,,,,,,,0,0,,,,,N,
SMMTH,SP,MATHEMATICS,,10,2,,O,,03,10,MA,,,,,,,0,0,,,,,N,
SMMWC,SP,MATHS FOR WORK AND THE COMMUNITY,,11,2,,I,,03,11,MA,,,,,,,0,0,,,,,N,
SMNUM,SP,NUMERACY,,10,2,,I,,09,10,MA,,1NWC10,1,10,,NWC,0,0,,,,,Y,G
SMPE,SP,PHYSICAL EDUCATION,,10,2,,I,,04,10,PE,,1ILG20,1,20,SMPE,ILG,0,0,,,,,Y,G
SMPP,SP,PERSONAL PROJECT,,10,2,,I,,09,10,ZZ,,,,,SMPP,,0,0,,,,,N,
SMSC,SP,AGRICULTURE,,11,2,,I,,05,11,SC,,1AHG10,1,10,SMSC,AHG,0,0,,,,,Y,G
SMSCI,SP,SCIENCE,,10,2,,O,,05,10,SC,,,,,,,0,0,,,,,N,
SMSIGN,SP,SIGN,,10,2,,I,,02,10,MS,,,,,,,0,0,,,,,N,
SMTC,SP,TECHNOLOGY AND THE COMMUNITY,,11,2,,I,,08,10,CP,,,,,SMTC,,0,0,,,,,N,
SMTS,SP,TECHNICAL STUDIES,,10,2,,I,,08,10,TP,,,,,SMTS,,0,0,,,,,N,
SMU1,SP,SMU1,,10,2,,I,,09,10,MS,,,,,,,0,0,,,,,N,
SMU2,SP,SMU2,,10,2,,I,,09,10,MS,,,,,,,0,0,,,,,N,
SMU3,SP,SMU3,,10,2,,I,,09,10,MS,,,,,,,0,0,,,,,N,
SMU4,SP,SMU4,,10,2,,I,,09,10,MS,,,,,,,0,0,,,,,N,
SMU6,SP,SMU6,,10,2,,I,,09,10,MS,,,,,,,0,0,,,,,N,
SMU7,SP,SMU7,,10,2,,I,,09,10,MS,,,,,,,0,0,,,,,N,
SMUAT,SP,CREATIVE ARTS,,10,2,,I,,07,10,ZV,,,,,,,0,0,,,,,N,G
SMUBG,SP,BOYS GROUP,,10,2,,I,,09,10,MS,,,,,,,0,0,,,,,N,
SMUCOM,SP,COMPUTING,,10,2,,I,,01,10,IF,,,,,,,0,0,,,,,N,
SMUDDN,SP,DIGITAL DESIGN,,10,2,,I,,08,10,IF,,,,,,,0,0,,,,,N,
SMUDR,SP,CREATIVE ARTS: MODIFIED,,11,2,,I,,07,10,DR,,1CVM10,1,10,,CVM,0,0,,,,,Y,N
SMUEG,SP,ENGLISH,,10,2,,I,,01,11,EG,,,,,,,0,0,,,,,N,
SMUENG,SP,ENGLISH,,10,2,,I,,01,10,EG,,,,,,,0,0,,,,,N,
SMUFT,SP,FOOD TECH,,11,2,,I,,04,11,FH,,,,,,,0,0,,,,,N,
SMUHE,SP,HEALTH,,10,2,,I,,04,10,HE,,,,,,,0,0,,,,,N,
SMUHPE,SP,HEALTH AND PHYSICAL EDUCATION,,10,2,,I,,04,10,PE,,,,,,,0,0,,,,,N,
SMUHU,SP,SOCIETY & CULTURE: MODIFIED,,11,2,,I,,06,11,SV,,1SOM10,1,10,,SOM,0,0,,,,,Y,N
SMUHUM,SP,HUMANITIES,,10,2,,I,,09,10,SV,,,,,,,0,0,,,,,N,G
SMULA,SP,LANG A/B,,10,2,,,,03,10,MS,,,,,,,0,0,,,,,N,
SMULIT,EG,LITERACY,,10,2,,I,,09,10,EG,,1LWC20,1,20,,LWC,0,0,,,,,Y,G
SMULS,SP,LIFE SKILLS,,10,2,,I,,09,10,MS,,,,,,,0,0,,,,,N,
SMUMA,SP,ENGLISH PATHWAYS: MODIFIED,,11,2,,I,,03,11,MA,,1EPM10,1,10,,EPM,0,0,,,,,Y,N
SMUMTH,SP,MATHEMATICS,,10,2,,I,,03,10,MA,,,,,,,0,0,,,,,N,
SMUNUM,SP,NUMERACY,,10,2,,I,,03,10,MA,,1NWC10,1,10,,NWC,0,0,,,,,Y,G
SMUPE,SP,PHYSICAL EDUCATION: MODIFIED,,11,2,,I,,04,11,MS,,2HEM10,2,10,,HEM,0,0,,,,,Y,N
SMUSC,SP,SCIENTIFIC STUDIES: MODIFIED,,10,2,,I,,05,10,MS,,1SFM20,1,20,,SFM,0,0,,,,,Y,N
SMUSCI,SP,SCIENCE,,10,2,,I,,05,10,SC,,,,,,,0,0,,,,,N,
SMUSIGN,SP,SIGN,,10,2,,I,,02,10,MS,,,,,,,0,0,,,,,N,
SMUTE,SP,TECHNOLOGY,,11,2,,I,,08,11,TP,,,,,,,0,0,,,,,N,
SMUTS,SP,BUSINESS & ENTERPRISE: MODIFIED,,10,2,,I,,08,10,TP,,1BEM10,1,10,,BEM,0,0,,,,,Y,N
SMUWP,SP,WORK PLACEMENT,,10,2,,I,,09,10,MS,,,,,,,0,0,,,,,N,
SOC SKILLS,IN,SOCIAL SKILLS,SOC SKILLS,08,,,,,09,08,ZV,,,,,,,0,0,,,,,N,
SS1,SP,SS1,,11,2,,I,,09,11,MS,,,,,,,0,0,,,,,N,
SS2,SP,SS2,,11,2,,I,,09,11,MS,,,,,,,0,0,,,,,N,
SS3,SP,SS3,,11,2,,I,,09,11,MS,,,,,,,0,0,,,,,N,
SS4,SP,SS4,,11,2,,I,,09,11,MS,,,,,,,0,0,,,,,N,
SS6,SP,SS6,,11,2,,I,,09,11,MS,,,,,,,0,0,,,,,N,
SS7,SP,WORK PLACEMENT,,11,2,,I,,09,11,MS,,,,,,,0,0,,,,,N,
SS8,SP,TRANSITION TO WORK,,11,2,,I,,09,11,MS,,,,,,,0,0,,,,,N,
SSAG,SP,AGRICULTURE,,11,2,,,,06,11,ZV,,1AHG20,1,20,,AHG,0,0,,,,,Y,G
SSART,SP,CREATIVE ARTS: MODIFIED,,12,2,,I,,07,12,AT,,2CVM20,2,20,,CVM,0,0,,,,,Y,N
SSAT,SP,VISUAL ARTS - ARTS,,11,2,,C,,07,11,AT,,1VAA20,1,20,SSAT,VAA,0,0,,,,,Y,G
SSBE,SP,BUSINESS AND ENTERPRISE,,12,2,,I,,09,12,MS,,,,,,,0,0,,,,,N,
SSBSE,SP,SOCIETY AND CULTURE,,12,,,,,06,12,SV,,,,,,,0,0,,,,,N,
SSCOM,SP,COMMUNICATIONS,,10,2,,I,,01,10,EG,,,,,,,0,0,,,,,N,
SSCS,SP,COMMUNITY STUDIES,,11,2,,C,,09,11,CY,,,,,SSCS,,0,0,,,,,N,
SSDM,SP,DIGITAL MUSIC,,11,2,,I,,07,11,MU,,,,,SSDM,,0,0,,,,,N,
SSEG,SP,ENGLISH,,11,2,,I,,01,11,EG,,,,,SSEG,,0,0,,,,,N,
SSFL,SP,FLEXIBLE LEARNING,,11,2,,I,,09,11,ZL,,,,,SSFL,,0,0,,,,,N,
SSHE,SP,HEALTH EDUCATION,,11,2,,I,,04,11,HA,,2HE11,2,1,SSHE,HE1,0,0,,,,,N,S
SSHPE,SP,HEALTH & PHYSICAL EDUCATION,,12,2,,I,,04,12,PE,,,,,,,0,0,,,,,N,
SSIL,SP,INTEGRATED LEARNING,,12,,,I,,09,12,ZV,,2ILG20,2,20,SSIL,ILG,0,0,,,,,Y,S
SSIT,SP,INFORMATION TECHNOLOGY,,11,2,,C,,08,11,IF,,,,,SSIT,,0,0,,,,,N,
SSLA,SP,SIGN LANGUAGE,,11,4,,I,,09,11,LS,,,,,SSLA,,0,0,,,,,N,
SSLIT,SP,LITERACY: MODIFIED,,12,2,,I,,01,12,EG,,2EPM20,2,20,,EPM,0,0,,,,,Y,N
SSLT,SP,LITERACY,,12,2,,I,,01,12,EG,,,,,,,0,0,,,,,N,G
SSMM,SP,MULTIMEDIA,,11,,,I,,07,11,CP,,,,,SSMM,,0,0,,,,,N,
SSMTH,SP,MATHEMATICS,,12,2,,I,,03,12,MA,,,,,,,0,0,,,,,N,
SSMW,SP,METALWORK,,11,2,,I,,08,11,ZV,,,,,,,0,0,,,,,N,
SSNUM,SP,NUMERACY,,10,2,,I,,09,10,MA,,1NWC10,1,10,,NWC,0,0,,,,,Y,G
SSPE,SP,PHYSICAL EDUCATION,,11,2,,C,,09,11,PE,,1ILG20,1,20,SSPE,ILG,0,0,,,,,Y,G
SSPECRAM,SP,SENIOR SPECIAL CLASS,,12,,,,,09,12,SZ,,,,,,,0,0,,,,,N,
SSRP,SP,RESEARCH PROJECT: MODIFIED,,12,2,,I,,06,12,MS,,2RPM10,2,10,,RPM,0,0,,,,,Y,N
SSSC,SP,SCIENCE,,11,2,,I,,09,11,ZV,,,,,,,0,0,,,,,N,
SSSCI,SP,SCIENTIFIC STUDIES: MODIFIED,,12,2,,I,,05,12,SC,,2SFM20,2,20,,SFM,0,0,,,,,Y,N
SSSOC,SP,SOCIETY AND CULTURE,,12,2,,I,,06,12,SS,,,,,,,0,0,,,,,N,
SSSTU,SP,SUP STUDY,,11,4,,I,,09,11,SK,240,,,,,,0,0,,,,,N,
SSSTY,SP,STUDY PERIOD,,12,2,,I,,09,12,MS,,,,,,,0,0,,,,,N,
SSTS,SP,TECHNICAL STUDIES,,10,2,,I,,08,10,TS,,,,,SSTS,,0,0,,,,,N,
SSU1,SP,SSU1,,11,2,,I,,09,11,MS,,,,,,,0,0,,,,,N,
SSU2,SP,SSU2,,11,2,,I,,09,11,MS,,,,,,,0,0,,,,,N,
SSU3,SP,SSU3,,11,2,,I,,09,11,MS,,,,,,,0,0,,,,,N,
SSU4,SP,SSU4,,11,2,,I,,09,11,MS,,,,,,,0,0,,,,,N,
SSU6,SP,SSU6,,11,2,,I,,09,11,MS,,,,,,,0,0,,,,,N,
SSU7,SP,SSU7,,11,2,,I,,09,11,MS,,,,,,,0,0,,,,,N,
SSUART,SP,CREATIVE ARTS: MODIFIED,,11,2,,I,,07,11,AT,,1CVM10,1,10,,CVM,0,0,,,,,Y,N
SSUAS,SP,AUSTRALIAN STUDIES,,11,2,,C,,06,11,AX,,,,,SSUAS,,0,0,,,,,N,
SSUAT,SP,CREATIVE ARTS - STAGE 1,,11,2,,C,,07,11,AT,,1VAA20,1,20,SSUAT,VAA,0,0,,,,,Y,G
SSUBE,SP,BUSINESS AND ENTERPRISE MODIFIED,,11,2,,I,,09,11,MS,,,,,,,0,0,,,,,N,
SSUBG,SP,BOYS AND GIRLS GROUP,,11,2,,I,,09,11,ZZ,,,,,SSUBG,,0,0,,,,,N,
SSUBSE,SP,SOCIETY AND CULTURE,,12,2,,I,,06,12,SV,,,,,,,0,0,,,,,N,
SSUCO,SP,WORK AND THE COMMUNITY,,11,,,I,,09,11,ZZ,,,,,SSUCO,,0,0,,,,,N,
SSUCOM,SP,COMMUNICATIONS,,10,2,,I,,01,10,EG,,,,,,,0,0,,,,,N,
SSUCS,SP,COMMUNITY STUDIES,,11,2,,C,,09,11,CY,,,,,SSUCS,,0,0,,,,,N,
SSUCU,SP,HEALTH REC AND THE COMMUNITY,,11,,,I,,09,11,CY,,,,,SSUCU,,0,0,,,,,N,
SSUCXD,SP,CROSS DISCIPLINARY STUDIES: MODIFIED,,12,2,,I,,09,12,MS,,2CXM20,2,20,,CXM,0,0,,,,,Y,N
SSUDE,SP,DUKE OF EDINBURGH,,11,2,,I,,09,11,ZZ,,,,,SSUDE,,0,0,,,,,N,
SSUDR,SP,CREATIVE ARTS: MODIFIED,,12,2,,I,,07,12,DA,,1CVM10,1,10,,CVM,0,0,,,,,Y,N
SSUEG,SP,ENGLISH,,11,2,,C,,01,11,EG,,1ENG2,1,2,SSUEG,ENG,0,0,,,,,N,
SSUFD,SP,FOOD TECH,,11,2,,I,,04,11,HE,,,,,,,0,0,,,,,N,
SSUHE,SP,HOME EC,,11,2,,I,,04,11,HE,,,,,SSUHE,,0,0,,,,,N,
SSUHPE,SP,HEALTH & PHYSICAL EDUCATION,,12,2,,I,,04,12,PE,,,,,,,0,0,,,,,N,
SSUHS,SP,HYDE STREET,,11,2,,,,09,11,ZY,,,,,,,0,0,,,,,N,
SSUHT,SP,HEALTH,,11,2,,I,,09,11,ZV,,,,,,,0,0,,,,,N,
SSUIL,SP,INTEGRATED LEARNING,,11,,,I,,09,11,ZZ,,,,,SSUIL,,0,0,,,,,N,
SSUIS,SP,INTEGRATED STUDIES,,11,2,,,,09,11,ZY,,,,,,,0,0,,,,,N,
SSUIT,SP,INFORMATION TECHNOLOGY,,11,2,,C,,08,11,CP,120,1ITT2,1,2,SSUIT,ITT,0,0,,,,,N,
SSULIT,SP,ENGLISH PATHWAYS: MODIFIED,,12,2,,I,,09,12,EG,,2EPM20,2,20,,EPM,0,0,,,,,Y,N
SSULS,SP,LIFE SKILLS,,11,2,,C,,09,11,ZZ,,,,,,,0,0,,,,,N,
SSULT,SP,ENGLISH PATHWAYS: MODIFIED,,12,2,,I,,01,12,EG,,1EPM10,1,10,,EPM,0,0,,,,,Y,N
SSUMA,SP,MATHS,,11,2,,C,,03,11,MA,,,,,SSUMA,,0,0,,,,,N,
SSUMM,SP,MULTIMEDIA,,11,2,,I,,08,11,ZV,,,,,,,0,0,,,,,N,
SSUMU,SP,MUSIC,,11,2,,I,,07,11,MU,,,,,,,0,0,,,,,N,G
SSUNUM,SP,MATHS PATHWAYS: MODIFIED,,12,2,,I,,09,12,EG,,2MPM20,2,20,,MPM,0,0,,,,,Y,N
SSUPE,SP,PHYSICAL EDUCATION,,11,2,,C,,04,11,PE,,2HEM10,2,10,SSUPE,HEM,0,0,,,,,Y,N
SSURE,SP,RELAXATION,,11,,,I,,09,11,ZZ,,,,,SSURE,,0,0,,,,,N,
SSURP,SP,RESEARCH PROJECT: MODIFIED,,12,2,,I,,06,12,MS,,2RPM10,2,10,,RPM,0,0,,,,,Y,N
SSUSC,SP,SCIENCE AND THE COMMUNITY,,11,2,,C,,05,11,SC,,2SAY20,2,20,SSUSC,SAY,0,0,,,,,Y,S
SSUSE,SP,SOCIETY & CULTURE: MODIFIED,,11,2,,I,,06,11,SV,,1SOM10,1,10,,SOM,0,0,,,,,Y,N
SSUSL,SP,SIGN LANGUAGE,,11,2,,I,,01,11,EG,,,,,,,0,0,,,,,N,
SSUSW,SP,SWIMMING,,11,,,I,,09,11,ZZ,,,,,SSUSW,,0,0,,,,,N,
SSUTC,SP,TAI CHI,,11,,,I,,09,11,ZZ,,,,,SSUTC,,0,0,,,,,N,
SSUTS,SP,TECH STUDIES,,12,,,I,,08,12,TS,,,,,SSUTS,,0,0,,,,,N,
SSUWP,SP,WORK PLACEMENT,,11,2,,I,,09,11,MS,,,,,,,0,0,,,,,N,
SSVS,SP,VOCATIONAL STUDIES,,11,,,I,,09,11,VE,,,,,SSVS,,0,0,,,,,N,
SSWD,SP,WOODWORK,,11,2,,I,,08,11,ZV,,,,,,,0,0,,,,,N,
SSWE,SP,WORK EDUCATION,,11,2,,I,,09,11,WD,,2WSA1,2,1,SSWE,WSA,0,0,,,,,N,S
SSWP,SP,WORK PLACEMENT,,11,2,,,,09,11,ZY,,,,,,,0,0,,,,,N,
SSWS,SP,WORK STUDIES,,12,,,I,,09,12,WD,,,,,SSWS,,0,0,,,,,N,
STAFF ICT,AD,STAFF ICT,,10,,,,,09,10,ZZ,,,,,,,0,0,,,,,N,
SU1ART,SP,VISUAL ART,,08,2,,O,,07,08,AT,,,,,,,0,0,,,,,N,
SU1ARTS,SP,PERFORMING ARTS,,08,2,,O,,07,08,AT,,,,,,,0,0,,,,,N,
SU1DT,SP,TECHNOLOGY,,08,2,,O,,08,08,IF,,,,,,,0,0,,,,,N,
SU1ENG,SP,ENGLISH,,08,2,,O,,01,08,EG,,,,,,,0,0,,,,,N,
SU1FD,SP,FOOD,,08,2,,O,,04,08,FH,,,,,,,0,0,,,,,N,
SU1HUM,SP,HUMANITIES,,08,2,,O,,06,08,SV,,,,,,,0,0,,,,,N,
SU1MTH,SP,MATHS,,08,2,,O,,03,08,MA,,,,,,,0,0,,,,,N,
SU1MUS,SP,MUSIC,,SR,,,,,07,SR,MU,,,,,,,0,0,,,,,N,
SU1SCI,SP,SCIENCE,,09,2,,O,,05,09,SC,,,,,,,0,0,,,,,N,
SU2ART,SP,VISUAL ART,,09,2,,O,,07,09,AT,,,,,,,0,0,,,,,N,
SU2ARTS,SP,CREATIVE ARTS,,09,2,,O,,07,09,AT,,,,,,,0,0,,,,,N,
SU2DT,SP,TECHNOLOGY,,09,2,,O,,08,09,IF,,,,,,,0,0,,,,,N,
SU2ENG,SP,ENGLISH,,09,2,,O,,01,09,EG,,,,,,,0,0,,,,,N,
SU2HE,SP,HEALTH,,11,2,,O,,04,11,HA,,,,,,,0,0,,,,,N,
SU2HUM,SP,HUMANITIES,,09,2,,O,,06,09,SV,,,,,,,0,0,,,,,N,
SU2MTH,SP,MATHS,,09,2,,O,,03,09,MA,,,,,,,0,0,,,,,N,
SU2SCI,SP,SCIENCE,,09,2,,O,,05,09,SC,,,,,,,0,0,,,,,N,
SU3ARTS,SP,CREATIVE ARTS,,10,2,,O,,07,10,AT,,,,,,,0,0,,,,,N,
SU3BE,SP,BUSINESS & ENTERPRISE,,10,2,,O,,09,10,BS,,,,,,,0,0,,,,,N,
SU3BI,SP,BUSINESS & INNOVATION,,11,2,,O,,06,11,BS,,,,,,,0,0,,,,,N,
SU3DTE,SP,DESIGN TECH & ENTERPRISE,,11,2,,O,,08,11,DT,,,,,,,0,0,,,,,N,
SU3ENG,SP,ENGLISH,,10,2,,O,,01,10,EG,,,,,,,0,0,,,,,N,
SU3HE,SP,HEALTH: MODIFIED,,10,2,,O,,04,10,HA,,,,,,,0,0,,,,,N,
SU3MTH,SP,MATHS,,10,2,,O,,03,10,MA,,,,,,,0,0,,,,,N,
SU3SC,SP,SOCIETY & CULTURE,,10,2,,O,,06,10,SS,,,,,,,0,0,,,,,N,
SU4ARTS,SP,CREATIVE ARTS,,11,2,,O,,07,11,AT,,,,,,,0,0,,,,,N,
SU4CD,SP,CROSS DISCIPLINARY STUDIES,,11,2,,,,09,11,ZV,,,,,,,0,0,,,,,N,
SU4ENG,SP,ENGLISH,,11,2,,O,,01,11,EG,,,,,,,0,0,,,,,N,
SU4HE,SP,HEALTH,,11,2,,O,,04,11,HA,,,,,,,0,0,,,,,N,
SU4MTH,SP,MATHS,,11,2,,O,,03,11,MA,,,,,,,0,0,,,,,N,
SU4RP,SP,RESEARCH PROJECT,,11,2,,O,,09,11,ZV,,,,,,,0,0,,,,,N,
SU4SC,SP,SOCIETY & CULTURE,,11,2,,O,,06,11,SV,,,,,,,0,0,,,,,N,
SU4SCI,SP,SCIENCE,,10,2,,,,05,10,SC,,,,,,,0,0,,,,,N,
SUPER,VE,SUPERVISION,,11,,,,,09,11,ZL,,,,,,,0,0,,,,,N,
SUPSTUD,CC,SUPERVISED STUDY,,11,,,,,09,11,ZV,,,,,,,0,0,,,,,N,
SWD AG,SP,OUTDOOR ED,,10,4,,I,,09,10,AG,,,,,,,0,0,,,,,N,
SWD ART,SP,MYTHS AND LEGENDS,,10,4,,I,,09,10,AT,,,,,,,0,0,,,,,N,
SWD1,SP,PHYSICAL EDUCATION,,09,2,,I,,04,09,PE,,,,,,,0,0,,,,,N,
SWD2,SP,PHYSICAL EDUCATION,,11,2,,I,,04,11,PE,,,,,,,0,0,,,,,N,
SWD3,SP,PHYSICAL EDUCATION,,12,2,,I,,04,12,PE,,,,,,,0,0,,,,,N,
SWDAN,SP,DIGITAL MEDIA,,10,1,,I,,09,10,MS,,,,,,,0,0,,,,,N,
SWDBG1,SP,BOYS GROUP 1,,10,2,,I,,09,10,SZ,,,,,,,0,0,,,,,N,
SWDBG2,SP,BOYS GROUP 2,,10,2,,I,,09,10,SZ,,,,,,,0,0,,,,,N,
SWDBG3,SP,BOYS GROUP 3,,10,2,,I,,09,10,SZ,,,,,,,0,0,,,,,N,
SWDBL,SP,PHOTOGRAPHY,,10,,,,,09,10,ZV,,,,,,,0,0,,,,,N,
SWDCF,SP,FOOD,,10,,,,,09,10,ZV,,,,,,,0,0,,,,,N,
SWDELECT,SP,SWD ELECTIVES,,10,2,,I,,09,10,SL,,,,,SWDELECT,,0,0,,,,,N,
SWDFS,SP,FISHING,,10,,,,,09,10,ZV,,,,,,,0,0,,,,,N,
SWDFSA,SP,RECREATIONAL ANGLING 101,,11,,,,,09,11,ZZ,,,,,,,0,0,,,,,N,
SWDGG1,SP,GIRLS GROUP 1,,10,2,,I,,09,10,SZ,,,,,,,0,0,,,,,N,
SWDHE,SP,HEALTH,,10,,,,,04,10,HQ,,,,,,,0,0,,,,,N,
SWDMUS,SP,MUSIC,,08,2,,I,,07,08,MU,,,,,,,0,0,,,,,N,
SWDPE,SP,HEALTH AND PHYSICAL EDUCATION,,10,2,,O,,04,10,PE,,,,,,,0,0,,,,,N,
SWDST,SP,SWD STUDENTS,,08,,,,,09,08,MS,,,,,,,0,0,,,,,N,
SWDTS,SP,HORTICULTURE,,08,,,,,09,08,ZV,,,,,,,0,0,,,,,N,
SWL,FL,STRUCT WKPLACE LEARNING,,11,,,,,09,11,ZZ,,,,,,,0,0,,,,,N,
TABED,ZU,AB ED TUTORING,,11,,,,,09,11,AN,,,,,,,0,0,,,,,N,
TABRSIS,AB,RESPECT SISTA PROGRAM,,11,,,,,09,11,ZV,,,,,,,0,0,,,,,N,
TABWKBT,FL,WORK ABOUT,,11,,,,,09,11,ZL,,,,,,,0,0,,,,,N,
TARHALL,NA,UNIVERSITY MENTORING,,12,,,,,09,12,EG,,,,,,,0,0,,,,,N,
TAXI,YD,TAXI,,SP,,,,,09,SP,MS,,,,,,,0,0,,,,,N,
TAXI/MID,YD,TAXI AND MIDDLE SCHOOL,,SR,,,,,09,SR,MS,,,,,,,0,0,,,,,N,
TBGY,SC,BIOLOGY TUTORING,,12,,,,,05,12,BL,,,,,,,0,0,,,,,N,
TEAL,ED,EAL TUTORING,,11,,,,,09,11,ZL,,,,,,,0,0,,,,,N,
TEN,CC,ACADEMIC ENHANCEMENT,,12,,,,,09,12,ZL,,,,,,,0,0,,,,,N,
TENG,EG,TUTORING ENGLISH,,11,,,,,01,12,EG,,,,,,,0,0,,,,,N,
TINKER,YD,TINKER ROOM,,SR,,,,,09,SR,MS,,,,,,,0,0,,,,,N,
TLITSUP,EG,LITERACY SUPPORT,,11,,,,,01,11,ZL,,,,,,,0,0,,,,,N,
TMA,MA,MATHS TUTORING,,11,,,,,03,11,MA,,,,,,,0,0,,,,,N,
TMATH,MA,TUT MATHS,,12,,,,,03,12,MA,,,,,,,0,0,,,,,N,
TMATHMETH,MA,TUTORING MATHS METHODS,,12,,,,,03,12,MA,,,,,,,0,0,,,,,N,
TMPW,MA,TUTORING MTH PTH,,12,,,,,03,12,MA,,,,,,,0,0,,,,,N,
TNUMSUP,CC,NUMERACY SUPPORT,,11,,,,,03,11,MA,,,,,,,0,0,,,,,N,
TRP,RP,RESEARCH PROJECT TUTORING,,12,,,,,06,12,MS,,2RPJ10,2,10,,RPJ,0,0,,,,,Y,S
TSSTUD,SN,SUPERVISED STUDY,,12,,,,,09,12,ZV,,,,,,,0,0,,,,,N,
TSUP,CC,ACADEMIC RECOVERY,,12,,,,,09,12,MS,,,,,,,0,0,,,,,N,
TUMEM,MA,TUTORING ESSENTIAL MATHS,,12,,,,,03,12,MA,,,,,,,0,0,,,,,N,
TUT,SP,TUTORING,,08,4,,I,,09,08,MS,,,,,,,0,0,,,,,N,
TUTBIG,MA,TUTORING BIOLOGY,,12,,,,,05,12,BL,,,,,,,0,0,,,,,N,
TUTCEM,SC,TUTORING CHEMISTRY,,12,,,,,05,12,SC,,,,,,,0,0,,,,,N,
TUTCHI,LE,TUTORING CHINESE,,11,,,,,02,11,CI,,,,,,,0,0,,,,,N,
TUTEG,EG,TUTORING ENGLISH,,12,,,,,01,12,EG,,,,,,,0,0,,,,,N,
TUTMASC,SC,TUTORING MATHS SCIENCE,,12,,,,,05,12,ZV,,,,,,,0,0,,,,,N,
TUTMGM,MA,TUTORING GENERAL MATHS,,12,,,,,03,12,ZV,,,,,,,0,0,,,,,N,
TUTMHS,SC,TUTORING MATHS METHODS,,12,4,,,,03,12,MX,,,,,,,0,0,,,,,N,
TUTMST1,MA,TUTORING MATHS METHODS,,12,,,,,03,12,MA,,,,,,,0,0,,,,,N,
TUTMTH,MA,MATHS CATCH UP,,11,,,,,03,11,MA,,,,,,,0,0,,,,,N,
TUTMTHPW,MA,TUTORING MATHS PW,,12,,,,,03,12,MA,,,,,,,0,0,,,,,N,
TUTPHOTO,IT,PHOTOGRAPHY,,11,,,,,08,11,PH,,,,,,,0,0,,,,,N,
TUTPSC,SC,TUTORING PSYCHOLOGY,,12,,,,,05,12,PW,,,,,,,0,0,,,,,N,
TUTPURMA,MA,PURE MATHS TUT,,11,,,,,03,11,MA,,,,,,,0,0,,,,,N,
TUTPYI,SC,TUTORING PHYSICS,,12,4,,,,05,12,PC,,,,,,,0,0,,,,,N,
TUTSPMA,MA,TUTORING SPEC MATHS,,11,2,,,,03,11,MA,,,,,,,0,0,,,,,N,
TUTSS,SN,TUTORING,,11,,,,,09,11,ZV,,,,,,,0,0,,,,,N,
TUTSTEM,MA,TUTORING STEM,,11,,,,,09,11,ZV,,,,,,,0,0,,,,,N,
TVSUP,VE,VET SUPPORT,,12,,,,,09,12,WD,,,,,,,0,0,,,,,N,
UNIP,CC,UNI PATHWAY,,12,,,,,09,12,ZZ,,,,,,,0,0,,,,,N,
UNIWATCH,CC,UNI AT RISK STUDENTS,,12,,,,,09,12,ZZ,,,,,,,0,0,,,,,N,
UTUTBIG,SC,TUTORING BIOLOGY,,12,,,,,05,12,BL,,,,,,,0,0,,,,,N,
UTUTCME,SC,TUTORING CHEMISTRY,,12,,,,,05,12,CH,,,,,,,0,0,,,,,N,
UTUTMPW,MA,TUTORING MATHS PATHWAYS,,12,,,,,03,12,MA,,,,,,,0,0,,,,,N,
UTUTPYS,SC,TUTORING PHYSICS,,12,,,,,05,12,ZC,,,,,,,0,0,,,,,N,
UTUTSPEC,MA,TUTORING SPECIALIST MATHS,,12,,,,,03,12,MK,,,,,,,0,0,,,,,N,
UTUTSTUMA,MA,TUTORING MATHS STUDIES,,12,,,,,03,12,MA,,,,,,,0,0,,,,,N,
UTUTTSM,SV,TUTORING TOURISM,,12,,,,,06,12,SV,,,,,,,0,0,,,,,N,
V1225,VE,TWELVE 25,,11,,,,,09,11,CC,,,,,,,0,0,,,,,N,
V1ANIMAL,VE,CERTIFICATE I IN ANIMAL STUDIES,,11,,,,,09,11,SC,,,,,,,0,0,,,,,N,
V1AUTO,VE,CERTIFICATE I IN AUTOMOTIVE,,11,4,,,,09,11,ZV,,,,,,,0,0,,,,,N,
V1CON,VE,CERTIFICATE I IN CONSTRUCTION (PLUMBING),,11,,,,,09,11,ZV,,,,,,,0,0,,,,,N,
V1CONYEC,VE,CERTIFICATE I IN CONSTRUCTON (YEC),,11,,,,,09,11,VE,,,,,,,0,0,,,,,N,
V1CRTIND,VE,CERT I CREATIVE INDUSTRIES,,11,,,,,08,11,ZV,,,,,,,0,0,,,,,N,
V1EDSKL,VE,CERT I EDU & SKILLS DEVELOPMENT,,11,,,,,09,11,VE,,,,,,,0,0,,,,,N,
V1HOSFDBEV,VE,CERTIFICATE I HOSPITALITY (FOOD & BEVERAGE),,11,,,,,09,11,FH,,,,,,,0,0,,,,,N,
V1HOSPKO,VE,CERT I HOSPITALITY (KITCHEN OPS),,11,,,,,09,11,ZV,,,,,,,0,0,,,,,N,
V1LIT,VE,CERT I LITERACY,,11,,,,,03,11,MA,,,,,,,0,0,,,,,N,
V1MEAT,FL,CERT I MEAT RETAIL,,11,,,,,09,11,ZZ,,,,,,,0,0,,,,,N,
V2AIRBR,FL,CERT II AIRBRUSHING,,11,,,,,09,11,VE,,,,,,,0,0,,,,,N,
V2AMHORT,VE,CERT II AMENITY HORTICULTURE,,11,,,,,05,11,ZV,,,,,,,0,0,,,,,N,
V2ANIM,FL,CERT II ANIMAL STUDIES,,12,,,,,09,12,ZZ,,,,,,,0,0,,,,,N,
V2AUTO,VE,CERT II AUTOMOTIVE SERVICING,,11,4,,O,,09,11,ZV,,,,,,,0,0,,,,,N,
V2COMSER,VE,CERT II COMMUNITY SERVICES,,12,,,,,09,12,ZV,,,,,,,0,0,,,,,N,
V2CON,VE,CERT II CONSTRUCTION PATHWAYS,,11,,,,,09,11,ZV,,,,,,,0,0,,,,,N,
V2CONLMNG,VE,CERT II CONSERVATION & LAND MGMT,,12,4,,O,,09,12,ZV,,,,,,,0,0,,,,,N,
V2CRINMD,VE,CERT II CREATIVE INDUSTRIES (MEDIA),,11,,,,,08,11,ZV,,,,,,,0,0,,,,,N,
V2ELEC,VE,CERT II ELECTROTECHNOLOGY,,11,4,,O,,09,11,ZV,,,,,,,0,0,,,,,N,
V2ENGINE,VE,CERT II ENGINEERING,,11,4,,O,,09,11,ZV,,,,,,,0,0,,,,,N,
V2FDPRO,VE,CERT II FOOD PROCESSING (BAKERY FOCUS),,11,,,,,04,11,FH,,,,,,,0,0,,,,,N,
V2HAIR,VE,CERT II HAIRDRESSING,,11,,,,,04,11,ZV,,,,,,,0,0,,,,,N,
V2HLTHSER,VE,CERT III HEALTH SERVICES,,11,,,,,04,11,ZV,,,,,,,0,0,,,,,N,
V2HORT,VE,CERT II HORTICULTURE,,11,,,,,05,11,ZV,,,,,,,0,0,,,,,N,
V2HORTGWL,FL,CERT II HORTICULTURE (GAWLER HS),,11,,,,,09,11,ZZ,,,,,,,0,0,,,,,N,
V2HORTPWC,FL,CERT II HORTICULTURE (PWAC),,11,,,,,09,11,ZZ,,,,,,,0,0,,,,,N,
V2HOSPKO,VE,CERT II HOSPITALITY (KITCHEN OPS),,11,,,,,08,11,TP,,,,,,,0,0,,,,,N,
V2HOSPOP,VE,CERT II HOSPITALITY (OPERATIONS),,11,,,,,08,11,TP,,,,,,,0,0,,,,,N,
V2IDIGMED,VE,"CERT II INFORMATION, DIGITAL MEDIA & TECHNOLOGY",,11,,,,,08,11,ZV,,,,,,,0,0,,,,,N,
V2INDIGTEC,VE,"CERT II INFO, DIG MEDIA & TECH",,11,,,,,08,11,ZV,,,,,,,0,0,,,,,N,
V2IT,FL,CERT II IT,,11,,,,,09,11,ZZ,,,,,,,0,0,,,,,N,
V2KITOP,VE,CERT II KITCHEN OPERATIONS,,12,,,,,09,12,ZV,,,,,,,0,0,,,,,N,
V2KOWG,FL,CERT II KITCHEN OPS (WINDSOR GARDENS),,11,,,,,09,11,ZZ,,,,,,,0,0,,,,,N,
V2MAKUP,FL,CERT II MAKEUP,,12,,,,,09,12,ZZ,,,,,,,0,0,,,,,N,
V2MTLROOF,VE,CERT II METAL ROOFING,,11,,,,,09,11,ZV,,,,,,,0,0,,,,,N,
V2MUSIC,VE,CERT II MUSIC,,12,,,,,09,11,MU,,,,,,,0,0,,,,,N,
V2NAILS,VE,CERT II NAILS,,11,,,,,09,11,VE,,,,,,,0,0,,,,,N,
V2PLUMB,VE,CERT II PLUMBING,,11,,,,,09,11,ZV,,,,,,,0,0,,,,,N,
V2RFPLM,VE,CERT II ROOF PLUMBING,,11,,,,,08,11,ZV,,,,,,,0,0,,,,,N,
V2RTCOS,VE,CERT II RETAIL COSMETICS,,12,,,,,04,12,ZV,,,,,,,0,0,,,,,N,
V2RTMKUP,VE,"CERT II RETAIL, MAKEUP & SKIN CARE",,12,,,,,09,12,ZV,,,,,,,0,0,,,,,N,
V2SALAS,VE,CERT II SALON ASSISTANT,,12,,,,,09,11,ZV,,,,,,,0,0,,,,,N,
V2WARE,VE,CERT II/III WAREHOUSING,,11,,,,,09,11,ZV,,,,,,,0,0,,,,,N,
V3AGED,VE,CERT III AGED CARE,,11,,,,,04,11,ZV,,,,,,,0,0,,,,,N,
V3ANIMAL,VE,CERT III ANIMAL STUDIES,,12,,,,,09,12,ZV,,,,,,,0,0,,,,,N,
V3BEAUTMK,VE,CERT III BEAUTY (MK UP FOCUS),,12,,,,,09,11,ZV,,,,,,,0,0,,,,,N,
V3BEAUTY,VE,CERT III BEAUTY,,12,,,,,04,12,ZV,,,,,,,0,0,,,,,N,
V3BRICK,VE,CERT III BRICK & BLOCKLAYING,,12,4,,O,,09,12,ZV,,,,,,,0,0,,,,,N,
V3BUS,VE,CERT III BUSINESS,,12,,,,,09,12,BS,,,,,,,0,0,,,,,N,
V3BUSINESS,FL,CERT III BUSINESS,,12,,,,,09,12,ZZ,,,,,,,0,0,,,,,N,
V3BUSSHS,VE,CERTIFICATE III BUSINESS (SHS),,12,4,,,,06,12,BS,,,,,,,0,0,,,,,N,
V3CARP,VE,CERT III CARPENTRY,,12,4,,O,,09,12,ZV,,,,,,,0,0,,,,,N,
V3CHDSK,FL,CERT III CHILDCARE SEEK ONLINE,,11,,,,,09,11,ZZ,,,,,,,0,0,,,,,N,
V3CHIDSE,VE,CERT III CHILDREN'S SERVICES,,11,4,,O,,09,11,ZV,,,,,,,0,0,,,,,N,
V3COMSE,VE,CERT III COMMUNITY SERVICE WORK,,11,4,,O,,09,11,ZV,,,,,,,0,0,,,,,N,
V3DIS,FL,CERT III DISABILITY,,11,,,,,09,11,ZZ,,,,,,,0,0,,,,,N,
V3DROP,VE,CERT III DRIVING OPERATIONS,,11,4,,,,09,11,VE,,,,,,,0,0,,,,,N,
V3ECHEDU,VE,CERT III EARLY CHILDHOOD EDUCATION & CARE,,11,,,,,09,11,ZV,,,,,,,0,0,,,,,N,
V3ELECT,VE,CERT III ELECTROTECHNOLOGY,,11,,,,,09,11,ZV,,,,,,,0,0,,,,,N,
V3ENGIN,VE,CERT III ENGINEERING,,12,,,,,09,12,ZV,,,,,,,0,0,,,,,N,
V3EVENT,VE,CERT III VENUES & EVENTS,,12,,,,,09,12,ZV,,,,,,,0,0,,,,,N,
V3FITNESS,VE,CERT III IN FITNESS,,11,,,,,04,11,HQ,,,,,,,0,0,,,,,N,
V3FLOR,VE,CERT III FLORISTRY,,11,,,,,09,11,ZV,,,,,,,0,0,,,,,N,
V3GMDVL,VE,CERT III GAME DEVELOPMENT FOUNDATIONS,,11,,,,,08,11,ZV,,,,,,,0,0,,,,,N,
V3HAIR,VE,CERT III HAIRDRESSING PATHWAYS,,11,,,,,04,11,HQ,,,,,,,0,0,,,,,N,
V3HESERAS,VE,CERT III HEALTH SERVICES ASSISTANT,,11,,,,,04,11,ZV,,,,,,,0,0,,,,,N,
V3HOSFDBV,VE,CERT III HOSPITALITY (FOOD & BEVERAGE),,11,,,,,04,11,ZV,,,,,,,0,0,,,,,N,
V3HOSP,VE,CERT III HOSPITALITY,,11,,,,,09,11,ZV,,,,,,,0,0,,,,,N,
V3IDIGMED,VE,"CERT III INFORMATION, DIGITAL MEDIA & TECH",,11,,,,,08,11,ZV,,,,,,,0,0,,,,,N,
V3INDSUP,VE,CERT III INDIVIDUAL SUPPOR (DISABILITY STREAM),,11,,,,,09,11,ZV,,,,,,,0,0,,,,,N,
V3IT,FL,CERT III INFORMATION TECHNOLOGY,,11,,,,,09,11,ZV,,,,,,,0,0,,,,,N,
V3ITCYBER,VE,"CERT III INFO, DM & TECH CYBER",,11,,,,,09,11,ZV,,,,,,,0,0,,,,,N,
V3MEDIA,VE,CERT III MEDIA - GAME DES,,11,,,,,08,11,IF,,,,,,,0,0,,,,,N,
V3MICBUS,VE,CERT III MICRO BUSINESS,,12,,,,,06,12,BS,,,,,,,0,0,,,,,N,
V3MKUP,VE,CERT III MAKE-UP,,11,,,,,09,11,ZV,,,,,,,0,0,,,,,N,
V3MUSIC,VE,CERT III MUSIC,,11,,,,,07,11,MU,,,,,,,0,0,,,,,N,
V3PLUMB,VE,CERT III PLUMBING,,12,4,,O,,09,12,ZV,,,,,,,0,0,,,,,N,
V3RDTP,VE,CERTIFICATE III ROAD TRANSPORT,,12,,,,,09,12,ZV,,,,,,,0,0,,,,,N,
V3RFPLM,VE,CERT III ROOF PLUMBING,,12,,,,,08,12,ZV,,,,,,,0,0,,,,,N,
V3RMKUP,VE,CERTIFICATE III RETAIL MAKE UP,,12,,,,,04,12,ZV,,,,,,,0,0,,,,,N,
V3SCRMED,VE,CERT III SCREEN & MEDIA GAME ART,,11,,,,,08,11,TP,,,,,,,0,0,,,,,N,
V3SPORTREC,VE,CERT III SPORT & RECREATION,,11,2,,,,04,11,PE,,,,,,,0,0,,,,,N,
V3SPREC,PE,CERT III SPORT & RECREATION,,11,2,,O,,04,11,PE,,,,,,,0,0,,,,,N,
V3TOUR,VE,CERTIFICATE III TOURISM,,12,,,,,09,12,ZV,,,,,,,0,0,,,,,N,
V3VISAT,VE,CERT III VISUAL ARTS,,11,,,,,07,11,AT,,,,,,,0,0,,,,,N,
V3WARE,VE,CERT III WAREHOUSING,,11,,,,,09,11,ZV,,,,,,,0,0,,,,,N,
V4CHILD,VE,CERTIFICATE IV IN CHILDREN'S SERVICES,,12,,,,,09,12,HA,,,,,,,0,0,,,,,N,
V4DIS,VE,CERT IV DISABILITY,,12,,,,,09,12,HA,,,,,,,0,0,,,,,N,
V4IT,VE,CERT IV INFORMATION TECHNOLOGY,,12,,,,,08,12,ZV,,,,,,,0,0,,,,,N,
V4SOUND,VE,CERT III SOUND PRODUCTION,,12,,,,,08,12,ZV,,,,,,,0,0,,,,,N,
V4YOUTH,VE,CERT IV YOUTH WORK,,11,,,,,05,11,ZV,,,,,,,0,0,,,,,N,
VADAUTO,FL,ADVANCED AUTOMOTIVE,,12,,,,,09,12,ZZ,,,,,,,0,0,,,,,N,
VANIMAL,FL,CERT I ANIMAL STUDIES,,11,,,,,05,11,VE,,,,,,,0,0,,,,,N,
VASBA,VE,SCHOOL BASED APPRENTICESHIP,,11,,,,,09,11,ZV,,,,,,,0,0,,,,,N,
VAUTO,FL,CERT I AUTOMOTIVE,,11,,,I,,09,11,VE,,,,,,,0,0,,,,,N,
VBEAUTY,VE,CERT III BEAUTY,,12,,,,,09,12,VE,,,,,,,0,0,,,,,N,
VBUSII,VE,CERT II BUSINESS,,11,,,I,,09,11,VE,,,,,,,0,0,,,,,N,
VC1IT,FL,CERT I IT,,11,,,,,08,11,ZZ,,,,,,,0,0,,,,,N,
VC2CHILD1,FL,CERT II CHILDCARE 1ST YR,,11,,,,,09,11,ZZ,,,,,,,0,0,,,,,N,
VC2CHILD2,FL,CERT II CHILDCARE 2ND YR,,11,,,,,09,11,CM,,,,,,,0,0,,,,,N,
VC2HOSKO,FL,CERT II HOSPITALITY,,12,,,,,09,12,ZV,,,,,,,0,0,,,,,N,
VC3MEDDIG,FL,CERT III MEDIA,,11,,,,,08,11,CP,,,,,,,0,0,,,,,N,
VC3NUR1,FL,CERT III PATHWAYS TO NURSING 1ST YR,,11,,,,,04,11,ZZ,,,,,,,0,0,,,,,N,
VC3NUR2,FL,CERT III PATHWAYS TO NURSING 2ND YEAR,,12,,,,,09,12,CM,,,,,,,0,0,,,,,N,
VCARE,AD,REGIONAL STUDENTS CARE,,12,,,,,09,12,ZV,,,,,,,0,0,,,,,N,
VCER3IT,VE,CERTIFICATE III IN INFORMATION TECHNOLOGY,,12,,,,,09,12,VE,,,,,,,0,0,,,,,N,
VCERT2IT,FL,CERT II IT,,11,,,,,09,11,VE,,,,,,,0,0,,,,,N,
VCHILD,VE,CERT III CHILDCARE,,11,,,I,,09,11,VE,,,,,,,0,0,,,,,N,
VCIGENCON,FL,CERT I GENERAL CONSTRUATION (TAFE),,11,,,,,09,11,ZZ,,,,,,,0,0,,,,,N,
VCIHOSFDB,FL,CERT I HOSPITALITY,,11,,,,,09,11,ZV,,,,,,,0,0,,,,,N,
VCIIHORT,FL,CERT II HORTICULTURE,,12,,,,,09,12,ZZ,,,,,,,0,0,,,,,N,
VCIIICHILD,FL,CERT III CHILDCARE,,11,,,,,09,11,ZZ,,,,,,,0,0,,,,,N,
VCIIIMEDSC,FL,CERT III MEDIA (SCREEN & MEDIA),,11,,,,,08,11,CP,,,,,,,0,0,,,,,N,
VCOMNUR,VE,CERT III COMMUNITY SERVICES (AGED CARE) NURSING,,11,,,I,,09,11,VE,,,,,,,0,0,,,,,N,
VCOMSER,FL,CERT III COMMUNITY SERVICES,,11,,,,,09,11,ZZ,,,,,,,0,0,,,,,N,
VCOMSTU,VE,VET CERTIFICATE III COMMUNITY WORK,,12,,,I,,09,12,VE,,,,,,,0,0,,,,,N,
VCOMWK,VE,VET CERTIFICATE II IN COMMUNITY SERVICES WORK,,12,,,I,,09,12,VE,,,,,,,0,0,,,,,N,
VCONST,VE,CERT I CIVIL CONSTRUCTION,,11,,,I,,09,11,VE,,,,,,,0,0,,,,,N,
VD2C,VE,CERT I DOORWAYS 2 CONSTRUCTION,,11,,,I,,09,11,ZV,,,,,,,0,0,,,,,N,
VD2C+,VE,D2C PLUS,,12,,,,,09,12,VE,,,,,,,0,0,,,,,N,
VDIPCHILD,VE,DIPLOMA OF CHILDRENS SERVICES,,12,,,,,09,12,ZV,,,,,,,0,0,,,,,N,
VDIRHAIR,FL,HAIR & BEAUTY DIRECTIONS,,11,,,,,09,11,ZV,,,,,,,0,0,,,,,N,
VELECT,VE,VET CERTIFICATE I IN ELECTRICAL,,11,,,I,,05,11,VE,,,,,,,0,0,,,,,N,
VELECTECH,FL,CERT I ELECTROCOMM SKILLS,,11,,,,,09,11,ZZ,,,,,,,0,0,,,,,N,
VENGFABIN,FL,CERT II ENGINEERING & FABRICATION,,11,,,,,09,11,ZZ,,,,,,,0,0,,,,,N,
VENGIN,VE,CERT I ENGINEERING (ELECTRICAL),,11,,,I,,09,11,VE,,,,,,,0,0,,,,,N,
VENGINMF,VE,CERT II ENGINEERING/METAL FAB,,11,,,,,05,11,ZV,,,,,,,0,0,,,,,N,
VENR,VE,CERT I ENGINEERING,,11,,,I,,09,11,ZZ,,,,,,,0,0,,,,,N,
VET03,NA,VET 2003,,11,,,I,,09,11,VE,,,,,,,,,,,,,N,
VET05,CC,VET,,10,,,I,,09,10,VE,,,,,,,,,,,,,N,
VET06,CC,VET,,10,,,I,,09,10,VE,,,,,,,,,,,,,N,
VET07,CC,VET,,10,,,I,,09,10,VE,,,,,,,,,,,,,N,
VET08,CC,VET,,10,,,I,,09,10,VE,,,,,,,,,,,,,N,
VET09,CC,VET,,AL,,,,,09,AL,VE,,,,,,,,,,,,,,
VET10,CC,VET,,AL,,,,,09,AL,VE,,,,,,,,,,,,,,
VET11,CC,VET,,AL,,,,,09,AL,VE,,,,,,,,,,,,,,
VET12,CC,VET,,AL,,,,,09,AL,VE,,,,,,,,,,,,,,
VET13,CC,VET,,AL,,,,,09,AL,VE,,,,,,,,,,,,,,
VET14,CC,VET,,AL,,,,,09,AL,VE,,,,,,,,,,,,,,
VET15,CC,VET,,AL,,,,,09,AL,VE,,,,,,,,,,,,,,
VET16,CC,VET,,AL,,,,,09,AL,VE,,,,,,,,,,,,,,
VET17,CC,VET,,AL,,,,,09,AL,VE,,,,,,,,,,,,,,
VET18,CC,VET,,AL,,,,,09,AL,VE,,,,,,,,,,,,,,
VET19,CC,VET,,AL,,,,,09,AL,VE,,,,,,,,,,,,,,
VET20,CC,VET,,AL,,,,,09,AL,VE,,,,,,,,,,,,,,
VET21,CC,VET,,AL,,,,,09,AL,VE,,,,,,,,,,,,,,
VET22,CC,VET,,AL,,,,,09,AL,VE,,,,,,,,,,,,,,
VETECH,VE,CERT II ELECTROTECHNOLOGY,,11,,,I,,08,11,VE,,,,,,,0,0,,,,,N,
VET``,CC,VET,,AL,,,,,09,AL,VE,,,,,,,,,,,,,,
VFEEAD,VE,VET ADMIN FEE 12,,12,,,,100,09,12,ZV,,,,,VFEEAD,,0,0,,,R-COV-6410-0004,G03,N,
VFEEAD11,VE,VET FEE ADMIN YR 11,,11,,,,100,09,11,ZV,,,,,VFEEAD11,,0,0,,,R-COV-6410-0004,G03,N,
VFINLIT,VE,FINANCIAL LITERACY,,11,,,,,09,11,MA,,,,,,,0,0,,,,,N,
VFOODPR,VE,VET CERTIFICATE III IN FOOD PROCESSING (BAKING),,12,,,I,,09,12,VE,,,,,,,0,0,,,,,N,
VFURNITURE,VE,CERT I FURNITURE MAKING,,11,,,,,09,11,ZZ,,,,,,,0,0,,,,,N,
VGENCON,VE,CERT I GENERAL CONSTRUCTION,,11,,,I,,09,11,VE,,,,,,,0,0,,,,,N,
VGHOSPKO,VE,CERT II HOSPITALITY KITCHEN OPERATIONS,,11,,,I,,09,11,VE,,,,,,,0,0,,,,,N,
VHABEA,VE,HAIRDRESSING & MAKEUP COURSE,,11,,,I,,08,11,VE,,,,,,,0,0,,,,,N,
VHAIR,VE,CERT II HAIRDRESSING,,12,,,I,,09,12,VE,,,,,,,0,0,,,,,N,
VHMSTUDY,VE,HOME STUDY,,11,,,,,09,11,ZZ,,,,,,,0,0,,,,,N,
VHORT,FL,CERT I HORTICULTURE,,11,,,I,,09,11,VE,,,,,,,0,0,,,,,N,
VHOSP,FL,CERT I HOSPITALITY (KITCHEN OPERATIONS),,11,,,I,,09,11,VE,,,,,,,0,0,,,,,N,
VHOSPI,VE,CERT I HOSPITALITY (KITCHEN OPERATIONS) GAWLER,,11,,,I,,09,11,VE,,,,,,,0,0,,,,,N,
VHOSPII,VE,CERT I HOSPITALITY (OPERATIONS) SFERAS,,11,,,I,,09,11,VE,,,,,,,0,0,,,,,N,
VHOSPIII,VE,CERT III HOSPITALITY,,12,,,I,,09,12,VE,,,,,,,0,0,,,,,N,
VHWC,VE,VET HOMEWORK CLUB,,11,,,,,09,11,VE,,,,,,,0,0,,,,,N,
VIIHAIR,FL,CERT II HAIR,,11,,,,,09,11,VE,,,,,,,0,0,,,,,N,
VINHAIR,FL,INTRODUCTION TO HAIR & BEAUTY,,11,,,I,,09,11,VE,,,,,,,0,0,,,,,N,
VLGBUS,VE,CERT II LEGAL BUSINESS,,12,,,I,,09,12,VE,,,,,,,0,0,,,,,N,
VMAKEUP,VE,VET MAKEUP ARTISTRY,,12,,,I,,09,12,VE,,,,,,,0,0,,,,,N,
VMEAT,VE,VET MEAT PROCESSING,,12,,,I,,09,12,VE,,,,,,,0,0,,,,,N,
VMINING,VE,INTRO TO MINING,,11,,,I,,09,11,VE,,,,,,,0,0,,,,,N,
VMUSIN,VE,CERT II MUSIC INDUSTRY FOUNDATION,,11,,,I,,09,11,VE,,,,,,,0,0,,,,,N,
VNURS,VE,CERT II COM SER (NURSING),,11,,,,,09,11,ZZ,,,,,,,0,0,,,,,N,
VOCP,CC,VOC PATHWAY,,12,,,,,09,12,ZZ,,,,,,,0,0,,,,,N,
VOCV,CC,VOC PATHWAY (VET),,12,,,,,09,12,ZZ,,,,,,,0,0,,,,,N,
VPRINTG,VE,CERT II PRINTING & GRAPHICS,,11,,,I,,09,11,VE,,,,,,,0,0,,,,,N,
VPVELECT,VE,VET PRE VOCATIONAL EDUCATION ELECTRICAL,,12,,,I,,09,12,VE,,,,,,,0,0,,,,,N,
VRETAIL,FL,CERT III RETAIL,,11,,,I,,09,11,VE,,,,,,,0,0,,,,,N,
VSBA,VE,SCHOOL BASED APPRENTICESHIP,,12,,,,,04,12,HA,,,,,,,0,0,,,,,N,
VSGP,VE,VET STUDY GROUP,,11,,,,,09,11,VE,,,,,,,0,0,,,,,N,
VSPOREC,VE,VET SPORT AND RECREATION,,11,,,I,,04,11,VE,,,,,,,0,0,,,,,N,
VSUP,VE,VET SUPPORT,,11,,,,,09,11,ZV,,,,,,,0,0,,,,,N,
VSUPLIT,VE,LITERACY VET SUPPORT,,11,,,,,01,11,ZL,,,,,,,0,0,,,,,N,
VSUPNUM,VE,NUMERACY VET SUPPORT,,11,,,,,09,11,MA,,,,,,,0,0,,,,,N,
VSUPPPL,VE,PPL VET SUPPORT,,11,,,,,09,11,ZL,,,,,,,0,0,,,,,N,
VTG,VE,TRAINING GUARANTEE,,11,,,,,09,11,ZV,,,,,,,0,0,,,,,N,
VTHMSTUDY,CC,HOME STUDY,,11,,,,,09,11,VE,,,,,,,0,0,,,,,N,
VTRANSD,VE,CERT II TRANSPORT & DISTRIBUTION,,11,,,I,,09,11,VE,,,,,,,0,0,,,,,N,
VTRANSENG,VE,VET TRANSPORT ENGINEERING STUDIES,,12,,,I,,09,12,VE,,,,,,,0,0,,,,,N,
VTSM,VE,TOURISM - SITE,,11,,,,,08,11,ZV,,,,,,,0,0,,,,,N,
VTWKPLA,VE,VET WORK PLACEMENT,,11,,,,,09,12,ZV,,,,,,,0,0,,,,,N,
VWKTRAIN,VE,WORKPLACE TRAINING,,12,,,,,09,12,ZV,,,,,,,0,0,,,,,N,
XTRAMUSIC,AT,PD MUSIC CLASS,,12,,,,,07,12,MU,,,,,,,0,0,,,,,N,
YARD,YD,YARD DUTY,YARD DUTY,SR,,,,,09,SR,ZZ,,,,,,,,,,,,,,
YARD1,YD,CANTEEN/TECH STUDIES,,SR,,,,,09,SR,MS,,,,,,,0,0,,,,,N,
YARD10,YD,WEIGHTS ROOM,,SR,,,,,09,SR,MS,,,,,,,0,0,,,,,N,
YARD15,YD,STEM COURTYARD,,SR,,,,,09,SR,MS,,,,,,,0,0,,,,,N,
YARD2,YD,OVAL,,SR,,,,,09,SR,MS,,,,,,,0,0,,,,,N,
YARD3,YD,BASKETBALL COURTS,,SR,,,,,09,SR,MS,,,,,,,0,0,,,,,N,
YARD4,YD,FRONT LAWN/FRONT GATE,,SR,,,,,09,SR,MS,,,,,,,0,0,,,,,N,
YARD5,YD,MIDDLE SCHOOL,,SR,,,,,09,SR,MS,,,,,,,0,0,,,,,N,
YARD7,YD,PAVEMENT/HANDBALL COURTS,,SR,,,,,09,SR,MS,,,,,,,0,0,,,,,N,
YARD8,YD,GYM,,SR,,,,,09,SR,MS,,,,,,,0,0,,,,,N,
YARD9,YD,LIBRARY,,SR,,,,,09,SR,MS,,,,,,,0,0,,,,,N,
YASCS,YD,COMMUNITY SERVICE,,SR,,,,,09,SR,MS,,,,,,,0,0,,,,,N,
YCIA,YD,COMPLETION IS ACHIEVED,,SR,,,,,09,SR,MS,,,,,,,0,0,,,,,N,
YCIANA,AD,CIA NON ATTENDERS,,SR,,,,,09,SR,MS,,,,,,,0,0,,,,,N,
YCS1,YD,COMMUNITY SERVICE 1,,SR,,,,,09,SR,MS,,,,,,,0,0,,,,,N,
YCS2,YD,COMMUNITY SERVICE 2,,SR,,,,,09,SR,MS,,,,,,,0,0,,,,,N,
YDET,YD,LUNCH DETENTION,,SR,,,,,09,SR,MS,,,,,,,0,0,,,,,N,
YTCTARTS,AT,TASK COMPLETION TIME ARTS,,SR,,,,,07,SR,AT,,,,,,,0,0,,,,,N,
YTCTENG,EG,TASK COMPLETION TIME ENGLISH,,SR,,,,,01,SR,EG,,,,,,,0,0,,,,,N,
YTCTHL,SV,TASK COMPLETION TIME HUMS/LANG,,SR,,,,,06,SR,SV,,,,,,,0,0,,,,,N,
YTCTHPE,YD,TASK COMPLETION TIME HPE,,SR,,,,,04,SR,PE,,,,,,,0,0,,,,,N,
YTCTMS,MA,TASK COMPLETION TIME MATHS/SCIENCE,,SR,,,,,03,SR,MA,,,,,,,0,0,,,,,N,
YTCTPLPRP,RP,TASK COMPLETION TIME PLP/RP,,SR,,,,,09,SR,MS,,,,,,,0,0,,,,,N,
YTCTSACE,SN,TASK COMPLETION TIME SACE,,SR,,,,,09,SR,VE,,,,,,,0,0,,,,,N,
YTCTTEC,TS,TASK COMPLETION TECH,,SR,,,,,08,SR,TP,,,,,,,0,0,,,,,N,
ZNOD,ZU,NOT ON DUTY,NOTONDUTY,SR,,,I,,09,SR,ZZ,,,,,,,,,,,,,N,
ZUNAV,ZU,UNAVAILABLE,UNAVAILABL,SR,,,I,,09,SR,ZZ,,,,,,,,,,,,,N,
